id,name,mainFood,subFood,skill,taste,difficulty,time
0,西芹凉拌牛肚,"[牛肚,西芹]","[盐,料酒,大蒜,生姜,酱油,醋,花生油,白糖]",拌,家常味,新手尝试,5
1,孜然大葱炒牛肉,"[大葱,牛肉,孜然]","[粉条,白糖,蚝油,盐,花生油,酱油,生姜]",炒,家常味,初级入门,15
2,麻辣牛肚,[牛肚],"[干辣椒,花生油,花椒,盐,酱油,香菜,大蒜]",炒,麻辣味,未知,30
3,黄记煌海鲜三汁焖锅,"[鱿鱼,墨鱼,河虾,香肠,胡萝卜,红薯,莲藕,芹菜]","[大蒜,大葱,青椒,香菜,红枣,辣椒酱,豆瓣酱,淀粉,花生油]",焖,咸鲜味,初级入门,30
4,爆腰花,[猪腰],"[花生油,盐,生姜,大蒜,酱油,料酒,大葱,鸡精,醋,淀粉,花椒]",炒,家常味,初级入门,10
5,猪肉蒸蛋,"[鸡蛋,猪肉]","[淀粉,酱油,盐,花生油,大蒜,大葱]",蒸,家常味,初级入门,30
6,小炒黄米,[黄米],"[盐,香肠,蒜苗,鸡精,花生油]",炒,咸鲜味,初中水平,10
7,炖茄子,[茄子],"[花生油,猪肉,盐,酱油,大蒜]",炖,家常味,未知,30
8,大葱炒猪肝,[猪肝],"[豆瓣酱,酱油,料酒,淀粉,盐,生姜,白糖,味精,大葱]",炒,家常味,新手尝试,10
9,冬虫夏草炖鸭肉,"[鸭肉,冬虫夏草]","[盐,大葱,生姜,枸杞子]",炖,咸鲜味,新手尝试,90
10,酸汤牛肉锅,"[泡菜,牛肉]","[花生油,金针菇,白萝卜,娃娃菜,菜花,大蒜,辣椒,盐,醋]",煮,家常味,未知,30
11,翡翠白玉生煎包,"[小麦面粉,菠菜,猪肉]","[黑芝麻,白糖,大葱,苏打粉,盐,菠菜,料酒,淀粉,酱油,豆瓣酱,鸡精,花生油,花椒]",煎,家常味,未知,2
12,麻辣锅塌豆腐,[豆腐],"[花生油,鸡蛋,淀粉,酱油,辣椒酱,盐,蚝油]",炒,香辣味,新手尝试,5
13,西湖醋鱼,[草鱼],"[花生油,生姜,大葱,醋,淀粉,盐,料酒,酱油,白糖]",炖,酸甜味,初级入门,30
14,红烧茄子,[茄子],"[花生油,盐,蚝油,酱油,淀粉,大蒜,花椒,大葱,生姜,白糖,香菜]",炒,咸鲜味,未知,15
15,猪肉虾皮烧冬瓜,"[冬瓜,虾皮,猪肉]","[大蒜,大葱,盐,花生油]",烧,咸鲜味,初中水平,15
16,茴香小肉盒,"[茴香,猪肉,小麦面粉]","[盐,花生油,鸡蛋]",煎,咸鲜味,新手尝试,15
17,猪肉萝卜臊子面,"[面条,猪肉,青萝卜]","[大葱,生姜,香菜,花生油,盐,酱油,蚝油,五香粉]",烧,家常味,初级入门,30
18,生煎包,"[猪肉,小麦面粉]","[花生油,猪皮,大葱,生姜,芝麻,盐,酱油,胡椒粉,黑芝麻,苏打粉]",煎,咸鲜味,新手尝试,60
19,茼蒿炖带鱼,"[带鱼,茼蒿]","[酱油,料酒,豆瓣酱,花生油,大葱,白糖,盐]",炖,咸鲜味,未知,30
20,生煎包,"[小麦面粉,猪肉]","[花生油,猪皮,酱油,大葱,盐,生姜,黑芝麻,苏打粉]",煎,咸鲜味,初中水平,30
21,茄汁灯笼茄子,"[茄子,西红柿]","[盐,番茄酱,鸡精,白糖,花生油]",蒸,茄汁味,中级掌勺,15
22,家常版西兰花炒牛肉,"[牛肉,西兰花]","[花生油,盐,胡椒粉,酱油,白糖,淀粉,生姜,大蒜]",炒,咸鲜味,初级入门,30
23,家常凉菜,"[黄瓜,豆腐皮]","[花生油,盐,酱油,醋,大蒜,大葱]",拌,家常味,初级入门,10
24,蜜汁烤鸡翅,[鸡翅],"[花生油,盐,胡椒粉,芝麻,鸡精,蜂蜜]",烤,家常味,新手尝试,30
25,宫保鸡丁,"[花生,鸡肉,黄瓜]","[大葱,生姜,大蒜,干辣椒,花椒,盐,花生油,料酒,醋,淀粉,白糖]",炒,大葱香味,初中水平,15
26,凉拌韭菜黄豆芽,"[韭菜,黄豆芽]","[盐,花生油,酱油,醋,蚝油]",拌,咸鲜味,初级入门,15
27,韭菜炒鸡蛋,"[韭菜,鸡蛋]","[花生油,盐,鸡精,小葱]",炒,家常味,新手尝试,15
28,烤鱼,[鲅鱼],"[花生油,料酒,盐,酱油,生姜,大蒜,大葱,腐乳]",烤,香辣味,新手尝试,10
29,豆豉酱拌炒金针菇,"[豆豉,金针菇]","[辣椒酱,粉丝,大葱,大蒜,花生油,盐]",拌,香辣味,新手尝试,5
30,黑木耳胡萝卜拌花菜,"[黑木耳,花菜,胡萝卜]","[大蒜,醋,白糖,花生油,盐]",拌,家常味,初级入门,15
31,鲅鱼炖大蒜,"[鲅鱼,大蒜]","[大葱,生姜,八角,料酒,猪肉,盐,酱油,白糖,花生油]",炖,咸鲜味,中级掌勺,60
32,浇汁清蒸鲈鱼,[鲈鱼],"[香菜,盐,料酒,辣椒,大葱,小葱,大蒜,生姜,花生油,花椒]",蒸,咸鲜味,新手尝试,15
33,猪肉烧芋头,"[猪肉,芋头]","[大葱,胡萝卜,生姜,大蒜,花椒,八角,花生油,酱油,盐]",烧,咸鲜味,新手尝试,30
34,虾仁荷塘小炒营养师小菜妈妈,"[荷兰豆,黑木耳,莲藕,虾仁]",[盐],炒,家常味,新手尝试,30
35,暖人心的香肠煲仔饭,"[大米,香肠]","[胡椒粉,白糖,鸡蛋,花生油,酱油,盐,蚝油,生姜,大葱]",煮,家常味,新手尝试,15
36,卤肉饭,"[猪肉,大米]","[桂皮,大蒜,生姜,大葱,八角,香叶,冰糖,酱油,香菇,鸡蛋,料酒,五香粉,花椒,花生油]",烧,家常味,未知,2
37,油炒鸭胗,[鸭胗],"[花生油,生姜,大蒜,盐,料酒,蚝油,豆瓣酱]",炒,家常味,初中水平,15
38,白糖醋豆腐丸子,[豆腐],"[白糖,胡萝卜,香菇,火腿,鸡蛋,醋,蚝油,番茄酱,大葱,盐,鸡精,酱油,淀粉]",炸,酸甜味,未知,30
39,京酱猪肉,"[猪肉,黄瓜]","[花生油,豆腐皮,豆瓣酱,料酒,大葱,盐,小葱,胡椒粉,淀粉,酱油,白糖]",炒,酱香味,初中水平,30
40,荷塘小炒,"[莲藕,黑木耳,荷兰豆]","[大葱,大蒜,盐,花生油,酱油,鸡精]",炒,家常味,新手尝试,5
41,菠菜猪肝汤,"[猪肝,菠菜]","[花生油,料酒,淀粉,盐,鸡精,生姜]",烧,家常味,初级入门,5
42,家常炖菜,"[猪肉,娃娃菜,粉条,豆腐干]","[花生油,大葱,盐,生姜,八角,花椒,料酒,醋,酱油]",炒,家常味,未知,30
43,素炒腐竹,[腐竹],"[大葱,青椒,花生油,盐,酱油,蚝油]",炒,家常味,初级入门,5
44,电饭煲焖鸡爪,[鸡爪],"[花生油,盐,豆瓣酱,大葱,生姜,料酒,酱油,八角,花椒]",焖,麻辣味,中级掌勺,30
45,焖黄花鱼,[黄花鱼],"[花生油,酱油,大葱,盐,料酒,桂皮,香叶,八角,花椒]",炖,家常味,新手尝试,30
46,香辣小炒肚丝,"[猪肚,辣椒]","[大葱,生姜,蚝油,酱油,盐,花生油]",炒,香辣味,新手尝试,10
47,料酒炖猪蹄,[猪蹄],"[大葱,干辣椒,生姜,料酒,八角,花椒,桂皮,盐,酱油,冰糖,花生油]",炖,家常味,初级入门,60
48,奶香咖喱鸡,"[鸡肉,咖喱]","[牛奶,西红柿,生菜,淀粉,鸡蛋,花生油,番茄酱,芥末,盐,胡椒粉,大葱,生姜,大蒜,面包]",炸,奶香味,初级入门,90
49,猪肉生煎包,"[猪肉,小麦面粉]","[鸡蛋,花生油,黑芝麻,大葱,苏打粉,白糖,料酒,酱油,盐]",煎,咸鲜味,中级掌勺,90
50,煎明太鱼,[明太鱼],"[花生油,豆瓣酱,料酒,盐,酱油]",煎,咸鲜味,未知,10
51,泡菜烧鸭血,"[泡菜,鸭血]","[花生油,粉条,盐,生姜,花椒,鸡精]",炒,酸辣味,初中水平,15
52,猪肉粉丝泡菜,"[猪肉,泡菜,粉丝]","[酱油,生姜,盐,料酒,辣椒]",炒,酸辣味,未知,30
53,韭菜鸡蛋炒粉丝,"[韭菜,粉丝,鸡蛋]","[花生油,酱油,蚝油,白糖,盐]",炒,家常味,未知,10
54,地三鲜,"[土豆,茄子,甜椒]","[花生油,盐,酱油,大葱,大蒜,淀粉,白糖,料酒,醋,蚝油,花椒,生姜]",烤,咸鲜味,初级入门,30
55,京酱猪肉,"[猪肉,黄瓜]","[豆瓣酱,豆腐皮,大葱,小葱,料酒,花生油,淀粉,盐,酱油,芝麻,白糖]",炒,咸鲜味,初级入门,10
56,千张拌黄豆芽,"[绿豆芽,豆腐皮]","[大葱,胡萝卜,醋,酱油,白糖,芝麻,辣椒油,盐,花生油]",拌,香辣味,新手尝试,10
57,自制潮式牛蹄筋丸,[牛肉],"[盐,鱼露,白糖,鸡精,苏打粉,胡椒粉,粉条,花生油]",煮,咸鲜味,初级入门,10
58,腐竹烧牛腩,"[牛腩,腐竹]","[花生油,青椒,大葱,生姜,大蒜,八角,冰糖,香叶,干辣椒,豆瓣酱]",烧,家常味,新手尝试,15
59,香肠炒饭便当,"[大米,香肠]","[鸡蛋,玉米,豌豆,胡萝卜,秋葵,西兰花,培根,盐,酱油,花生油]",炒,咸鲜味,初级入门,30
60,樱桃肉,[猪肉],"[淀粉,番茄酱,花生油,盐,山楂,冰糖,料酒]",砂锅,酸甜味,初级入门,15
61,爆炒腰花,[猪腰],"[生姜,大葱,大蒜,辣椒,花椒,醋,花生油,淀粉,盐,鸡精,料酒]",炒,家常味,新手尝试,5
62,蚝油烧双茄,"[西红柿,茄子,蚝油]","[花生油,盐,大葱]",烧,咸鲜味,初级入门,15
63,开胃河虾,[河虾],"[花生油,盐,白糖,醋,酱油,蚝油,生姜,大蒜]",炒,酸甜味,新手尝试,5
64,扁豆塞肉,"[扁豆,猪肉]","[花生油,盐,酱油,白糖,大葱,料酒]",烧,咸鲜味,新手尝试,10
65,南瓜盅,[南瓜],"[花生油,虾仁,香肠,青豆,胡萝卜,西兰花,盐,番茄酱,淀粉,鸡精]",炒,咸鲜味,未知,30
66,九转大肠,"[猪大肠,小麦面粉]","[大葱,香叶,花生油,八角,花椒,料酒,醋,白糖,盐,胡椒粉]",烧,酸甜味,新手尝试,5
67,老北京烧饼夹烤肉,"[小麦面粉,牛肉]","[苏打粉,盐,花椒,大葱,酱油,淀粉]",煎,家常味,初级入门,90
68,凉拌毛豆,[毛豆],"[花生油,大蒜,生姜,干辣椒,花椒,酱油,鸡精,白糖,胡椒粉,醋,盐]",拌,酸辣味,新手尝试,15
69,红烧鱼块,[鲢鱼],"[花生油,料酒,淀粉,盐,大葱,酱油,白糖,干辣椒,八角,生姜,鸡蛋]",烧,家常味,初级入门,15
70,香煎黄花鱼,[黄花鱼],"[花生油,盐,大葱,小麦面粉,生姜,大蒜,淀粉,胡椒粉]",煎,鱼香味,中级掌勺,15
71,玉米鱼丁,"[鲤鱼,玉米]","[花生油,盐,胡椒粉,淀粉,辣椒,青椒,大葱,鸡蛋]",炒,家常味,初中水平,15
72,凉拌辣椒油金针菇,[金针菇],"[大蒜,酱油,醋,辣椒,盐,鸡精,香菜,花生油]",拌,香辣味,未知,10
73,荷塘小炒,"[荷兰豆,莲藕,黑木耳]","[花生油,胡萝卜,盐,酱油,大葱,大蒜]",炒,家常味,新手尝试,5
74,蔬菜鱼饼,"[鳕鱼,胡萝卜,西兰花,香菇,山药,玉米,小麦面粉]","[花生油,盐,柠檬]",烙,家常味,新手尝试,10
75,清炒土豆丝,[土豆],"[花生油,盐,鸡精,醋,辣椒,大葱,香菜]",炒,家常味,未知,30
76,蚂蚁上树,"[猪肉,粉丝]","[大葱,料酒,酱油,白糖,盐,胡椒粉,花生油,生姜]",煮,咸鲜味,初级入门,15
77,鱼露红烧肉,"[猪肉,鱼露]","[花生油,盐,酱油,料酒,生姜,大蒜,冰糖]",烧,家常味,新手尝试,30
78,南瓜盅豉香蒸排骨,"[南瓜,排骨,豆豉]","[大葱,生姜,蚝油,料酒,花生油,酱油,盐]",蒸,家常味,初级入门,90
79,红烧排骨,[排骨],"[料酒,酱油,干辣椒,花生油,白糖,生姜,大蒜,小葱,胡椒粉,八角,芝麻]",红烧,家常味,初级入门,60
80,香菇炒猪肉,"[猪肉,香菇]","[花生油,盐,料酒,酱油,青椒,蚝油,生姜,大葱,大蒜]",炒,家常味,新手尝试,10
81,大葱爆猪肝,"[猪肝,大葱]","[花生油,胡萝卜,青椒,盐,酱油,淀粉,胡椒粉,生姜,大蒜,料酒]",炒,家常味,初级入门,10
82,鱿鱼炒芹菜,"[鱿鱼,芹菜]","[花生油,猪肉,盐,料酒,白糖]",炒,家常味,新手尝试,10
83,南瓜虾煲,"[南瓜,虾]","[盐,花生油,大葱,生姜]",煲,咸鲜味,未知,15
84,炸裂鸡翅,[鸡翅],"[花生油,小麦面粉,淀粉,盐,白糖,五香粉,花椒,蚝油,大蒜]",炸,家常味,未知,30
85,鲜味蕨菜炒腊肉,"[蕨菜,腊肉]","[花生油,盐,大蒜,辣椒,酱油]",炒,家常味,初中水平,10
86,无油炸鸡翅,[鸡翅],"[花生油,盐,胡椒,料酒,淀粉,孜然,辣椒粉,大蒜,生姜]",炸,香辣味,新手尝试,15
87,水煮肉片,[猪肉],"[干辣椒,黄豆芽,大葱,大蒜,豆瓣酱,淀粉,料酒,盐,花椒,辣椒油,酱油,鸡精,白糖,花生油]",煮,麻辣味,中级掌勺,30
88,酱油卤肉,"[猪肉,酱油]","[花生油,盐,白糖,冰糖,大葱,八角]",卤,其它口味,新手尝试,90
89,黄豆芽茼蒿火腿炒粉条,"[黄豆芽,茼蒿,粉条,火腿]","[花生油,胡萝卜,盐,味精,大蒜]",炒,家常味,未知,15
90,蚵仔煎,"[牡蛎,鸡蛋]","[料酒,淀粉,盐,胡椒粉,大葱,花生油]",煎,咸鲜味,新手尝试,10
91,凉拌鸡爪,[鸡爪],"[酱油,香菜,辣椒酱,八角,芝麻,香叶,生姜,醋,花生油]",拌,香辣味,新手尝试,30
92,大蒜香花刀红烧鱼,"[鲤鱼,大蒜]","[胡椒粉,花生油,盐,白糖,醋,大葱,生姜,辣椒,料酒,八角,酱油,淀粉]",烧,大蒜香味,初中水平,30
93,电饭煲版茄汁豆腐盒,"[豆腐,小麦面粉]","[花生油,猪肉,鸡蛋,豆瓣酱,番茄酱,酱油,料酒,盐,大葱,生姜,白糖]",烧,酸甜味,新手尝试,30
94,凉拌鱼腥草,[鱼腥草],"[花生油,花生,辣椒粉,大蒜,酱油,醋,大葱,芝麻]",拌,香辣味,中级掌勺,10
95,豉汁猪大肠,"[豆豉,猪大肠]","[花生油,盐,小麦面粉,醋,料酒,大蒜,酱油]",焖,家常味,初级入门,15
96,酱爆鸡丁,[鸡肉],"[辣椒,黄瓜,大葱,料酒,淀粉,豆瓣酱,番茄酱,花生油,白糖,盐]",炒,酱香味,初中水平,15
97,汉方生姜母鸭,[鸭肉],"[熟地,当归,枸杞子,党参,桂皮,生姜,盐,花生油,冰糖]",炖,生姜味,初中水平,2
98,蜜汁叉烧肉,[猪肉],"[花生油,蚝油,白糖,料酒,盐,大葱,生姜,酱油,大蒜,辣椒酱]",烧,甜味,初级入门,60
99,避风塘炒虾仁,[虾仁],"[花生油,生姜,大葱,辣椒,盐,大蒜,面包]",炒,咸鲜味,初级入门,30
100,大葱烧赛鹿筋,"[腐竹,大葱]","[酱油,蚝油,料酒,冰糖,淀粉,花生油]",烧,家常味,未知,60
101,莴笋拌黑木耳,"[莴笋,黑木耳]","[椒盐,大蒜,酱油,盐,味精,醋,白糖,花生油]",拌,家常味,新手尝试,10
102,湛江生姜鸡肉肉厨,[鸡肉],"[酱油,花生油,盐,大葱,大蒜,生姜]",煮,家常味,厨神级,2
103,水煮肉片,[猪肉],"[黄豆芽,花椒,辣椒粉,豆瓣酱,淀粉,大蒜,干辣椒,大葱,料酒,盐,酱油,鸡精,白糖]",煮,麻辣味,新手尝试,15
104,豆腐皮蒸肉卷,"[豆腐皮,猪肉]","[花生油,盐,五香粉,生姜,大蒜,香菜,芝麻,大葱,酱油,醋,蚝油,辣椒]",蒸,家常味,中级掌勺,15
105,猪肉豆腐烧冬瓜,"[猪肉,豆腐,冬瓜]","[大蒜,辣椒,料酒,酱油,花生油,盐]",烧,家常味,初级入门,30
106,酱三文鱼,[三文鱼],"[大葱,干辣椒,花生油,酱油,料酒,蚝油,盐]",炖,家常味,未知,30
107,香炸多春鱼,[多春鱼],"[花生油,鸡蛋,淀粉,小麦面粉,料酒,盐,生姜,大葱]",炸,家常味,新手尝试,30
108,香菇烧鸡腿,"[鸡腿,香菇]","[花生油,胡萝卜,辣椒,大葱,生姜,料酒,冰糖,大蒜,蚝油,酱油,盐]",炖,咸鲜味,初级入门,60
109,凉拌松花蛋,[松花蛋],"[酱油,醋,白糖,盐,芝麻,大蒜,大葱,青椒,花生油]",拌,咸鲜味,新手尝试,5
110,白糖醋排骨,[排骨],"[料酒,酱油,白糖,醋,盐,大葱,生姜,淀粉,花生油]",烧,酸甜味,新手尝试,30
111,清蒸鱼,[鲈鱼],"[大葱,鹌鹑蛋,花生油,鱼肝油,生姜,盐,料酒,辣椒,莲藕,面条]",蒸,咸鲜味,未知,15
112,好吃的酱油炒饭,"[大米,酱油]","[花生油,黄瓜,胡萝卜,小葱,生姜,火腿,鸡蛋,盐]",炒,家常味,初中水平,15
113,酥脆烤鸭,[鸭肉],"[酱油,盐,豆瓣酱,花生油,料酒]",烘焙,咸鲜味,未知,60
114,凉拌菠菜,[菠菜],"[盐,花生,酱油,白糖,醋,大蒜,辣椒油]",拌,家常味,新手尝试,5
115,芒果牛肉粒,"[牛肉,芒果]","[盐,胡椒粉,酱油,蚝油,白糖,黄油,花生油]",炒,家常味,未知,30
116,辣子鸡翅,[鸡翅],"[花生油,盐,辣椒,蚝油,酱油,白糖,鸡蛋,淀粉,豆瓣酱]",炸,家常味,新手尝试,15
117,麻辣比目鱼,[比目鱼],"[花生油,盐,白糖,醋,酱油,大葱]",烧,麻辣味,未知,30
118,手工肉丸,[猪肉],"[花生油,大葱,生姜,盐,白糖,料酒,胡椒粉,淀粉,紫菜,腐乳]",煮,咸鲜味,未知,15
119,金玉满堂,"[米粉,小麦面粉,莲藕]","[大蒜,醋,盐,白糖,辣椒,豆瓣酱,花椒]",蒸,家常味,新手尝试,15
120,鲳鱼炖豆腐,"[鲳鱼,豆腐]","[料酒,酱油,盐,豆瓣酱,花生油,生姜,大蒜,大葱,干辣椒]",炖,咸鲜味,初级入门,30
121,豆豉排骨煲仔饭,"[大米,排骨,豆豉]","[花生油,香菇,生姜,酱油,蚝油,料酒,盐,白糖,胡椒粉]",焖,咸鲜味,新手尝试,30
122,干煸四季豆,[四季豆],"[干辣椒,猪肉,白糖,生姜,大蒜,大葱,盐,花生油]",干煸,咸鲜味,中级掌勺,10
123,胡萝卜黑麦机车章鱼面包,"[小麦面粉,胡萝卜,章鱼]","[红豆,香肠,黄油,白糖,盐,奶油,苏打粉]",烘焙,甜味,初中水平,90
124,酱汁蒸烤菌菇,"[金针菇,蘑菇,蟹味菇,香菇]","[猪肉,蚝油,花生油,盐,辣椒酱,大蒜,胡椒粉]",烤,咸鲜味,初级入门,15
125,麻辣小龙虾,[小龙虾],"[生姜,大葱,花椒,豆瓣酱,干辣椒,香叶,八角,草果,桂皮,孜然,料酒,酱油,盐,鸡精,白糖]",炒,麻辣味,初级入门,60
126,核桃鸡丁炒饭,"[大米,鸡肉,核桃]","[大葱,淀粉,花生油,料酒,盐,生姜]",炒,家常味,初级入门,30
127,西芹百合,"[芹菜,百合]","[花生油,大葱,生姜,胡椒,盐,文蛤]",炒,家常味,未知,10
128,腐竹蚝油焖鸭,"[蚝油,鸭肉,腐竹]","[酱油,胡椒,白糖,盐,生姜,大葱,花生油]",焖,家常味,初级入门,60
129,白糖醋猪肉,[猪肉],"[花生油,胡椒粉,鸡蛋,白糖,芝麻,生姜,大葱,料酒,醋,番茄酱,淀粉,盐,鸡精]",焖,酸甜味,未知,30
130,香辣水煮鱼,[草鱼],"[花生油,盐,料酒,鸡精,花椒,干辣椒,大蒜,生姜,酱油,胡椒]",煮,香辣味,未知,30
131,红烧黄鱼,[黄鱼],"[花生油,盐,胡椒粉,料酒,酱油,大葱,淀粉]",烧,咸鲜味,未知,30
132,辣椒香菇酿肉,"[猪肉,香菇]","[辣椒,胡萝卜,酱油,生姜,大蒜,大葱,料酒,醋,蚝油,白糖,淀粉,盐]",煎,香辣味,新手尝试,15
133,青田蛋面,[鸡蛋],"[花生油,茭白,猪肉,鸡腿菇,芹菜,酱油,辣椒,盐,淀粉]",煮,家常味,初级入门,10
134,茄汁豆腐,[豆腐],"[花生油,西红柿,盐,酱油,大葱]",烧,家常味,初中水平,30
135,麻辣牛肉干,[牛肉],"[生姜,辣椒,孜然,八角,辣椒粉,芝麻,酱油,花生油,料酒,白糖,五香粉,花椒,大葱,辣椒油,盐]",烤,麻辣味,初级入门,60
136,蛋炒饭,"[大米,鸡蛋]","[花生油,盐,小葱,酱油]",炒,家常味,新手尝试,5
137,金玉满堂,"[辣椒,胡萝卜,玉米,虾仁,豌豆]","[鸡精,盐,花生油]",炒,咸鲜味,新手尝试,5
138,竹笋鸡球,"[竹笋,鸡肉]","[酱油,胡椒粉,料酒,花生油,辣椒,盐]",炒,家常味,新手尝试,10
139,烧烤风味生煎包,"[猪肉,小麦面粉]","[盐,苏打粉,青椒,大蒜,大葱,淀粉,蚝油,孜然,鸡精,花生油]",煎,家常味,初级入门,30
140,香酥肉饼,"[小麦面粉,猪肉]","[盐,五香粉,大葱,鸡精,胡椒粉,蚝油,花生油]",煎,家常味,初级入门,30
141,荷兰豆炒肉片香肠,"[荷兰豆,香肠,猪肉]","[花生油,盐,鸡精,大蒜,酱油]",炒,家常味,新手尝试,10
142,煎带鱼,[带鱼],"[盐,胡椒粉,五香粉,料酒,淀粉,花生油]",煎,咸鲜味,未知,60
143,咖喱牛腩饭,"[牛腩,咖喱]","[花生油,土豆,胡萝卜,大葱,牛奶,黄油,生姜,料酒,酱油,奶酪,盐]",炖,咖喱味,初级入门,2
144,懒人版排骨焖饭,"[排骨,大米]","[大葱,白糖,花生油,盐,酱油,八角,香叶,生姜,料酒,桂皮]",煮,咸鲜味,初级入门,60
145,凉拌黄瓜,[黄瓜],"[洋葱,辣椒油,黑木耳,花生油,大蒜,辣椒,酱油,醋,盐,白糖]",拌,家常味,未知,10
146,白糖醋排骨,[排骨],"[冰糖,醋,生姜,料酒,盐,芝麻,花生油,淀粉,酱油]",烧,酸甜味,初中水平,60
147,拌牛肉,[牛肉],"[大蒜,白糖,酱油,花生油,盐,醋,辣椒油,芝麻,生姜,辣椒,八角,香菜]",拌,家常味,新手尝试,60
148,宫保鸡丁,"[鸡肉,黄瓜,花生]","[花生油,生姜,盐,花椒,料酒,淀粉,大葱,醋,白糖,干辣椒,大蒜]",炒,咸鲜味,初级入门,15
149,鸡肉韭菜饺子,"[小麦面粉,韭菜,鸡肉]","[酱油,花生油,淀粉,盐,豆腐干,胡椒粉,味精,蚝油]",煎,咸鲜味,未知,2
150,东北酱骨头,[猪骨],"[豆腐,花生油,盐,酱油,八角,生姜,冰糖,干辣椒,大葱,桂皮,大蒜,料酒]",酱,咸鲜味,初中水平,60
151,椒香鸡翅,[鸡翅],"[酱油,白糖,料酒,盐,花生油,生姜,花椒,辣椒]",煎,椒麻味,初级入门,15
152,凉拌山药,[山药],"[大蒜,胡萝卜,花生油,酱油,醋,白糖,盐]",拌,家常味,新手尝试,10
153,大葱炒鸡肉,"[鸡肉,大葱]","[花生油,酱油,盐,辣椒酱,粉条,大蒜]",炒,咸鲜味,新手尝试,15
154,鸡蛋豆腐蒸虾仁,"[虾仁,鸡蛋,豆腐]","[花生油,盐,大葱,料酒,酱油]",蒸,咸鲜味,新手尝试,15
155,黄花菜烧猪肉,"[花菜,猪肉]","[冰糖,酱油,生姜,盐,花生油]",炖,咸鲜味,初级入门,15
156,红烧羊排,[羊排],"[大葱,桂皮,八角,孜然,冰糖,花生油,盐,胡萝卜,酱油,生姜,大蒜,料酒]",烧,家常味,新手尝试,15
157,荠菜水饺,"[猪肉,小麦面粉,荠菜]","[菠菜,韭菜,盐,大葱,生姜,蚝油,酱油,花生油]",煮,家常味,初级入门,15
158,白糖醋荷包蛋,"[鸡蛋,白糖]","[酱油,醋,盐]",煎,酸甜味,初级入门,15
159,香辣黑木耳炒猪肉,"[黑木耳,猪肉]","[花生油,盐,料酒,酱油,生姜,辣椒,大蒜]",炒,香辣味,中级掌勺,10
160,腊肉香菇菠菜,"[腊肉,菠菜]","[生姜,花生油,料酒,酱油,盐,鸡精]",炒,家常味,未知,30
161,回锅肉炒胡萝卜,"[猪肉,胡萝卜]","[花生油,盐,豆瓣酱,干辣椒,花椒,蒜苗,料酒]",炒,家常味,初级入门,10
162,清蒸黄鱼,[黄鱼],"[生姜,大葱,胡椒粉,酱油,花生油,盐]",蒸,家常味,未知,10
163,无油红烧肉,[猪肉],"[生姜,八角,淀粉,桂皮,香叶,大葱,酱油,冰糖,盐,小葱,料酒,大蒜]",烧,家常味,初中水平,60
164,白糖醋三文鱼丁,[三文鱼],"[醋,白糖,盐,花生油,胡椒粉,大葱]",炒,酸甜味,未知,30
165,红烧带鱼,[带鱼],"[大蒜,生姜,大葱,花生油,料酒,酱油,盐,干辣椒,淀粉,白糖]",烧,咸鲜味,未知,30
166,鲜香卤鸡胗,[鸡胗],"[冰糖,酱油,生姜,八角,香叶,盐,料酒,大葱]",煮,家常味,未知,60
167,流汁麻酱粉条,[粉条],"[大蒜,盐,芝麻酱,辣椒,大葱,辣椒粉,香菜,芝麻,花椒,花生油,酱油,蚝油]",拌,香辣味,未知,5
168,泡菜毛豆,"[毛豆,泡菜]","[大蒜,花生油,盐,料酒,酱油]",烧,咸鲜味,未知,30
169,芦笋牛肉条配面条,"[牛肉,芦笋,面条]","[花生油,盐,大葱,黄油,淀粉,酱油,豆瓣酱]",炒,咸鲜味,未知,15
170,凉拌松花蛋,[松花蛋],"[盐,芝麻,大蒜,白糖,大葱,酱油,醋,青椒,花生油]",拌,家常味,未知,10
171,咸鱼白萝卜,"[咸鱼,白萝卜]","[花生油,蚝油,盐,白糖,生姜,大葱]",蒸,家常味,新手尝试,15
172,广东炒斋河,[粉条],"[花生油,黄豆芽,大蒜,大葱,盐,酱油,蚝油]",炒,家常味,新手尝试,5
173,咖喱鸡肉饭,"[大米,鸡肉,咖喱]","[生姜,大葱,土豆,胡萝卜,洋葱,大蒜,盐,酱油,花生油,料酒,蚝油]",煮,香辣味,初级入门,10
174,大葱炒蛋,"[大葱,鸡蛋]","[花生油,白糖,盐]",炒,咸鲜味,未知,10
175,凉拌花甲粉,"[文蛤,粉丝]","[花生油,大葱,大蒜,辣椒,柠檬,香菜,蚝油,鱼露,盐,酱油,白糖]",拌,酸辣味,新手尝试,10
176,肉松手撕包,[小麦面粉],"[番茄酱,鸡蛋,苏打粉,白糖,牛奶,黄油,盐]",烤,其它口味,初中水平,60
177,大蒜蓉粉丝香菇酿,"[香菇,粉丝,大蒜]","[花生油,鸡精,酱油,蚝油,盐,大葱,辣椒]",蒸,大蒜香味,初级入门,30
178,油金饺,[小麦面粉],"[花生油,豇豆,猪肉,盐,酱油,料酒,苏打粉]",煎,家常味,初级入门,15
179,什锦榨菜小炒,"[茭白,榨菜,胡萝卜,猪肉]","[花生油,大葱,盐,白糖,酱油,料酒]",炒,家常味,初级入门,15
180,家常豆腐脑儿,[黄豆],"[盐,酱油,紫菜,虾皮,大葱,花生油]",煮,家常味,中级掌勺,30
181,茄汁拌茄子,[茄子],"[花生油,虾米,白糖,番茄酱,盐,鸡蛋,酱油,生姜,大蒜,淀粉]",拌,茄汁味,初级入门,10
182,拌黄瓜,[黄瓜],"[花生油,盐,干辣椒,辣椒油,大蒜,醋,酱油]",拌,香辣味,新手尝试,30
183,凉拌腱子肉,[猪肉],"[花生油,盐,生姜,大蒜,香菜,花椒,大葱,鱼肝油,蚝油,辣椒,白糖]",拌,咸鲜味,初级入门,30
184,羊肉炖萝卜,"[羊肉,白萝卜]","[盐,大葱,香叶,花椒,生姜,八角,料酒,酱油,冰糖,花生油,大蒜,枸杞子,桂皮,鸡精,胡椒粉]",焖,家常味,初级入门,60
185,家常素炒面,"[面条,青椒,胡萝卜,黄瓜,西红柿,鸡蛋]","[盐,蚝油,酱油,花生油,大葱]",炒,家常味,新手尝试,30
186,凉拌大蒜,[大蒜],"[大蒜,黑木耳,胡萝卜,盐,酱油,醋,鸡精,花生油,花生]",拌,家常味,未知,30
187,腐竹烧肉,"[猪肉,腐竹]","[花生油,盐,生姜,八角,酱油,鸡精,冰糖,小葱,料酒]",烧,家常味,未知,60
188,金针菇卷,"[金针菇,小麦面粉]","[辣椒,豆腐,花生油,鸡精,盐,辣椒粉,孜然,大葱,醋,酱油]",煎,咸鲜味,未知,30
189,奥尔良烤鸡翅,[鸡翅],"[料酒,大葱,生姜,盐,大蒜,蜂蜜,花生油]",烤,香辣味,未知,30
190,凉拌苦瓜,[苦瓜],"[大蒜,大葱,盐,酱油,醋,花生油,白糖,干辣椒]",拌,家常味,新手尝试,5
191,莲藕猪肉,"[莲藕,猪肉]","[花生油,芹菜,盐,豆瓣酱,淀粉,花椒,辣椒]",炒,家常味,中级掌勺,15
192,香酥鸡米花,"[鸡肉,小麦面粉]","[盐,面包,鸡蛋,生姜,胡椒粉,花生油,白糖,淀粉]",烤,其它口味,初级入门,15
193,凉拌白糖醋莴笋,[莴笋],"[花生油,盐,白糖,醋,酱油,大蒜,辣椒]",拌,酸甜味,未知,10
194,盐水毛豆,[毛豆],"[盐,生姜,花椒,茴香,八角]",煮,家常味,初级入门,10
195,白萝卜炖牛蹄筋,"[牛蹄筋,白萝卜]","[香叶,牛腩,酱油,八角,香菜,盐,料酒]",炖,咸鲜味,新手尝试,2
196,炝拌莴笋,[莴笋],"[干辣椒,白糖,花椒,酱油,大蒜,醋,生姜,味精,盐,花生油]",拌,香辣味,初级入门,5
197,料酒鸡,[鸡肉],"[酱油,冰糖,盐,生姜,大蒜,大葱,料酒,花生油]",烧,家常味,初中水平,30
198,猪肉炒菜花,"[菜花,猪肉]","[花生油,盐,大蒜,酱油,辣椒酱,淀粉,蚝油]",炒,家常味,未知,5
199,咖喱牛肉土豆,"[牛肉,咖喱]","[花生油,土豆,胡萝卜,盐,洋葱,胡椒]",炒,咖喱味,新手尝试,60
200,娃娃菜拌扇贝,"[扇贝,娃娃菜]","[大葱,香菜,料酒,蚝油,花生油,酱油,花椒,盐]",拌,家常味,未知,10
201,素炒西兰花,"[西兰花,黑木耳,胡萝卜]","[花生油,盐,酱油,大蒜,白糖]",炒,咸鲜味,新手尝试,10
202,鸡脯炒大葱,"[鸡肉,大葱]","[花生油,酱油,盐,淀粉,辣椒,胡椒粉]",炒,家常味,未知,10
203,酥炸小黄鱼,[小黄鱼],"[花生油,盐,粉条,生姜,大葱,酱油]",炸,鱼香味,未知,30
204,猪肉胡萝卜鸡蛋卷,"[猪肉,鸡蛋,胡萝卜]","[生姜,大葱,酱油,盐,花生油]",蒸,咸鲜味,未知,30
205,鲜香烧带鱼,[带鱼],"[八角,小麦面粉,番茄酱,酱油,盐,淀粉,白糖,大葱,大蒜,花生油]",煮,家常味,未知,15
206,猪肉芋头糕,"[芋头,小麦面粉,猪肉]","[花生油,蚝油,酱油,盐,腐乳,辣椒酱,鸡精,大葱,花生]",蒸,咸鲜味,初中水平,60
207,鲍鱼红烧猪肉,"[鲍鱼,猪肉]","[盐,酱油,冰糖,八角,花生油,生姜,大葱]",炖,咸鲜味,初级入门,90
208,圣诞饼干,[小麦面粉],"[黄油,鸡蛋,奶油,白糖,鸡蛋,柠檬盐]",烘焙,甜味,未知,2
209,鲜蒸冬瓜,[冬瓜],"[花生油,虾皮,平菇,鸡肉,盐,大葱]",蒸,咸鲜味,新手尝试,30
210,白萝卜羊肉片,"[白萝卜,羊肉]","[盐,酱油,鸡精,蚝油,花生油,生姜,大蒜,小葱]",烧,咸鲜味,新手尝试,30
211,白灼豆腐,[豆腐],"[盐,花生油,干辣椒,大葱,大蒜,白糖,酱油]",煮,咸鲜味,未知,15
212,京酱猪肉,"[猪肉,黄瓜]","[花生油,大葱,豆腐皮,料酒,盐,豆瓣酱,白糖,酱油,淀粉,小葱]",炒,酱香味,新手尝试,30
213,辣椒小炒肉,"[猪肉,辣椒]","[花生油,大蒜,豆豉,料酒,酱油,花生,盐]",炒,家常味,初级入门,15
214,茴香水饺,"[小麦面粉,茴香,猪肉]","[蚝油,大葱,酱油,生姜,花生油,鸡精,盐]",煮,家常味,新手尝试,2
215,猪蹄山药黄豆煲,"[猪蹄,山药,黄豆]","[花生油,酱油,料酒,蚝油,大葱,花椒,盐,白糖,醋]",炖,咸鲜味,中级掌勺,30
216,杨梅焗排骨,"[杨梅,排骨]","[盐,白糖,小麦面粉,酱油,蚝油,花生油,胡椒]",焗,酸甜味,未知,2
217,早餐鸡蛋煎面条,"[面条,鸡蛋]","[盐,花生油,椒盐,胡萝卜]",煎,咸鲜味,初中水平,30
218,椒盐鱼头,"[鱼头,椒盐]","[花生油,盐,生姜,料酒,大蒜,大葱,酱油]",蒸,香辣味,初级入门,15
219,红烧羊蝎子,[羊蝎子],"[花生油,豆瓣酱,盐,白糖,酱油,大葱,生姜,大蒜,花椒,辣椒,香叶,八角]",烧,香辣味,初级入门,90
220,弹猪皮,[猪皮],"[大葱,醋,料酒,香菜,大蒜,辣椒,白糖,酱油,蚝油,辣椒油,花生油]",冻,酸辣味,中级掌勺,10
221,黑椒黄金锤,[鸡翅],"[花生油,小麦面粉,鸡蛋,淀粉,苏打粉,胡椒粉,酱油,蚝油,盐,白糖]",炸,黑椒味,未知,30
222,水煮牛肉,[牛肉],"[花生油,黄豆芽,盐,料酒,淀粉,花椒,生姜,大蒜,大葱,豆瓣酱,鸡精,白糖,胡椒粉]",煮,香辣味,初级入门,60
223,千张结烧肉,"[猪肉,千张]","[盐,料酒,酱油,生姜,花生油]",煮,家常味,未知,60
224,白糖醋冬瓜肉丸,"[冬瓜,鸡肉]","[花生油,淀粉,酱油,白糖,醋,大葱,生姜,盐,鸡精]",烧,家常味,未知,5
225,冬笋肉夹,"[猪肉,冬笋]","[生姜,盐,料酒,花生油,茴香,大葱,酱油,冰糖]",蒸,家常味,初级入门,2
226,清炒山药片,[山药],"[花生油,盐,生姜,大蒜,青椒,花椒,醋,辣椒,黑木耳]",炒,香辣味,新手尝试,10
227,青椒大葱回锅肉,"[猪肉,青椒,大葱]","[花生油,盐,生姜,大蒜,干辣椒,鸡精,酱油,豆瓣酱]",炒,家常味,初级入门,10
228,金针菇培根卷,"[培根,金针菇]","[花生油,盐,酱油,白糖,蚝油,淀粉]",煎,家常味,未知,15
229,春笋炖黄鱼,"[黄花鱼,春笋]","[花生油,盐,料酒,生姜,大蒜,大葱]",煮,家常味,未知,30
230,西安回民粉蒸肉,"[牛腩,小麦面粉]","[花生油,五香粉,料酒,酱油,白芷,花椒,大葱,生姜,盐,鸡精]",蒸,五香味,中级掌勺,45
231,大蒜炒鸡蛋,"[大蒜,鸡蛋]","[大蒜,花生油,料酒,盐]",炒,家常味,新手尝试,5
232,培根金针菇,"[培根,金针菇]","[小葱,辣椒酱,料酒,鸡精,白糖,酱油,蚝油,花生油,盐,胡椒粉]",煎,家常味,新手尝试,15
233,凉拌卤猪肘,[猪肘],"[盐,味精,辣椒油,花生油,花生,大蒜,花椒]",拌,麻辣味,未知,30
234,什锦煲饭,"[大米,鸡蛋,香肠,胡萝卜]","[花生油,盐,蚝油,酱油,白糖]",煮,咸鲜味,高级厨师,30
235,火腿胡萝卜蛋炒饭,"[大米,香肠,胡萝卜,鸡蛋]","[酱油,大蒜,辣椒,大葱,盐,花生油]",炒,家常味,新手尝试,5
236,山药花生芸豆猪蹄汤,"[猪蹄,芸豆,花生,山药]","[红枣,枸杞子,八角,桂皮,生姜,料酒,大葱,盐,香菜]",煮,家常味,初级入门,90
237,卤花生拌芹菜,"[花生,芹菜]","[盐,八角,干辣椒,生姜,花生油,花椒]",卤,家常味,新手尝试,60
238,猪肉大葱千层肉饼,"[猪肉,大葱,小麦面粉]","[花生油,鸡蛋,酱油,豆瓣酱,盐]",煎,家常味,未知,60
239,萝卜丝包子,"[胡萝卜,粉丝,小麦面粉]","[盐,料酒,虾皮,白糖,苏打粉]",蒸,家常味,中级掌勺,30
240,香辣炒双条,"[土豆,芸豆]","[花生油,盐,大葱,生姜,辣椒粉]",炒,香辣味,初级入门,15
241,青椒塞肉,"[猪肉,青椒]","[花生油,鸡蛋,酱油,白糖,醋,盐,豆瓣酱,大葱]",蒸,酸甜味,未知,30
242,翻茄酱牛肉,"[牛肉,西红柿]","[花生油,盐,生姜,大蒜,山楂,香菜,香菇]",焖,家常味,新手尝试,60
243,柠檬香煎秋刀鱼,"[秋刀鱼,柠檬]","[盐,料酒,胡椒粉,花生油]",煎,咸鲜味,未知,30
244,蒜苗回锅肉,"[猪肉,蒜苗]","[花生油,豆豉,豆瓣酱,盐,生姜,辣椒,八角,香叶]",炒,大蒜香味,未知,30
245,辣炒鱿鱼圈,[鱿鱼],"[辣椒酱,蚝油,豆瓣酱,大蒜,胡椒粉,花生油,大葱,盐]",炒,香辣味,新手尝试,30
246,豆瓣酱炒饭,"[大米,豆瓣酱]","[花生油,香肠,青豆,香菇,鸡蛋,盐]",炒,咸鲜味,初中水平,15
247,千层肉饼,"[小麦面粉,猪肉]","[鸡蛋,花生油,盐,白糖,料酒,酱油,五香粉,蚝油,小葱,生姜]",烙,家常味,新手尝试,5
248,玫瑰花蒸饺,"[小麦面粉,猪肉,玫瑰花]","[盐,茴香籽,花生油,酱油,生姜]",蒸,咸鲜味,新手尝试,60
249,蒜薹炒肉,"[蒜薹,猪肉]","[花生油,豆瓣酱,盐,淀粉,生姜,鸡精,酱油,料酒,洋葱]",炒,家常味,中级掌勺,10
250,三鲜春卷,"[虾仁,香菇,黄豆芽]","[盐,胡萝卜,粉丝,小葱,韭菜,蚝油,酱油,花生油,淀粉]",炒,咸鲜味,初级入门,15
251,铁锅炖鱼,[草鱼],"[花生油,胡椒粉,酱油,盐,八角,小葱,生姜,干辣椒,料酒]",炖,香辣味,新手尝试,10
252,猪肉煸杏鲍菇,"[杏鲍菇,猪肉]","[花生油,盐,胡椒粉,生姜,大蒜,酱油]",干煸,家常味,初级入门,15
253,秘制肘子,[猪肘],"[料酒,酱油,冰糖,豆瓣酱,小葱,生姜,花椒,八角,茴香籽,肉蔻,山楂,陈皮,丁香,桂皮,草果,盐,花生油]",炖,酱香味,初级入门,90
254,减脂奶汁蘑菇炖大米,"[大米,蘑菇]","[鸡肉,牛奶,洋葱,酱油,胡椒粉,黄油]",炖,奶香味,新手尝试,30
255,白菜肉卷,"[白菜,猪肉]","[酱油,胡萝卜,黑木耳,花生油,白糖,盐,淀粉,小葱]",蒸,咸鲜味,初中水平,60
256,蜜汁肉脯,[猪肉],"[花生油,蜂蜜,蚝油,酱油,料酒,白糖,盐,味精,花椒,胡椒粉,醋]",烤,酱香味,初级入门,60
257,鱼头豆腐汤,"[鱼头,豆腐]","[花生油,小葱,花椒,料酒,盐,鸡精,胡椒粉,生姜]",煮,家常味,新手尝试,30
258,私房秘制白肉,[猪肉],"[花生油,盐,生姜,小葱,陈皮,蜂蜜,料酒,酱油,大蒜]",蒸,其它口味,新手尝试,15
259,香肠炒芦笋,"[芦笋,香肠]","[花生油,盐,小葱,酱油,生姜,大蒜]",炒,咸鲜味,新手尝试,5
260,芦笋炒虾仁,"[芦笋,虾仁]","[盐,胡椒粉,料酒,淀粉,花生油,大蒜,鸡精]",炒,家常味,新手尝试,10
261,新疆大盘鸡,"[鸡肉,土豆,青椒]","[花生油,桂皮,八角,花椒,干辣椒,豆瓣酱,酱油,醋,料酒,盐,香叶,白糖,小葱,生姜,大蒜,鸡精,大葱]",炖,家常味,初级入门,30
262,咸蛋黄珍珠丸子,"[糯米,蛋黄]","[鸡蛋,荸荠,胡萝卜,猪肉,小葱,酱油,花生油,料酒,胡椒粉,盐]",蒸,家常味,新手尝试,10
263,蚝油红烧肉,"[猪肉,蚝油]","[红糖,花椒,小葱,生姜,花生油,八角,盐,酱油]",炖,咸鲜味,初级入门,30
264,猪肉荸荠小肉包,"[猪肉,荸荠,小麦面粉]","[盐,小葱,花生油,鸡蛋,酱油,五香粉,胡椒粉]",蒸,家常味,中级掌勺,25
265,猪肉豆腐,"[豆腐,猪肉]","[花生油,盐,豆瓣酱,大葱,胡椒粉,大蒜,鸡精,白糖]",炒,家常味,新手尝试,10
266,辣炒毛蛤蜊,[毛蛤蜊],"[花生油,盐,洋葱,干辣椒,生姜,花椒,酱油,蚝油,料酒,小葱,八角]",炒,香辣味,未知,5
267,排骨土豆焖饭,"[排骨,土豆,大米]","[花生油,胡萝卜,小葱,生姜,盐,白糖,酱油,胡椒粉]",焖,家常味,新手尝试,60
268,香辣小龙虾,[小龙虾],"[八角,花椒,香叶,花生油,盐,生姜,大蒜,白糖,桂皮,料酒,酱油,大葱,干辣椒,豆瓣酱]",烧,香辣味,初中水平,30
269,黄焖鸡,"[鸡肉,香菇,土豆]","[花生油,盐,大蒜,生姜,辣椒,料酒,大葱,白糖,酱油]",焖,酱香味,中级掌勺,30
270,香小葱肉松蒸糕,"[鸡蛋,米粉,小麦面粉]","[盐,花生油,牛奶,小葱,红糖]",烘焙,其它口味,初级入门,60
271,料酒炖牛肉,"[牛排,料酒]","[花生油,胡萝卜,蘑菇,盐,胡椒粉,酱油,冰糖,小麦面粉,洋葱,大蒜]",炖,家常味,初级入门,90
272,鲜虾仁鸡肉蒸饭,"[虾仁,鸡肉,大米]","[花生油,青豆,盐,胡萝卜,蚝油,胡椒粉,芝麻]",蒸,家常味,新手尝试,60
273,酸辣黑黑木耳,[黑木耳],"[大蒜,香菜,干辣椒,醋,酱油,花生油,辣椒油,盐,白糖]",煮,香辣味,初级入门,5
274,虾仁土豆煲,"[虾仁,土豆]","[花生油,粉条,豆腐干,盐,料酒,大蒜,生姜,小葱]",烧,香辣味,未知,30
275,蚝油白菜,"[白菜,蚝油]","[花生油,小葱,干辣椒,鸡精,盐]",炒,甜味,未知,10
276,泰式柠檬蒸鱼,"[黄花鱼,柠檬]","[花生油,生姜,胡椒粉,盐,白糖,料酒,鱼露,干辣椒,薄荷,迷迭香]",蒸,酸辣味,新手尝试,10
277,干辣椒蒸鲈鱼片,[鲈鱼],"[干辣椒,料酒,盐,淀粉,生姜,小葱,辣椒,胡椒粉]",蒸,香辣味,初级入门,5
278,烤牛肉干,[牛肉],"[小葱,酱油,花生油,生姜,盐,白糖,料酒,鸡精,茴香,五香粉,辣椒粉]",炒,咸鲜味,未知,30
279,大蒜香卤肉卤香干,"[猪肉,豆腐干]","[酱油,醋,味精,盐,生姜,大蒜,小葱,花生油]",炒,大蒜香味,初中水平,10
280,豆豉蒸排骨,"[排骨,豆豉]","[花生油,盐,白糖,料酒,淀粉,酱油,生姜,大蒜,小葱,辣椒]",蒸,咸鲜味,初级入门,60
281,酱汁鸡肉杏鲍菇,"[鸡肉,杏鲍菇]","[花生油,盐,料酒,鸡蛋,酱油,蚝油,白糖,小葱,辣椒]",烧,咸鲜味,初级入门,30
282,大蒜蓉烤海鲜,"[基围虾,大蒜]","[花生油,蛤蜊,娃娃菜,盐,料酒,生姜,辣椒,小葱,黑芝麻]",烤,咸鲜味,未知,30
283,家乡垮炖鱼头,[鱼头],"[花生油,盐,小葱,香菜,辣椒,冰糖,酱油,料酒,大葱,胡椒粉,醋,生姜]",炖,咸鲜味,初中水平,60
284,番茄三杯鸡,"[鸡肉,番茄酱]","[小葱,白糖,酱油,蚝油,胡椒,蜂蜜,大蒜,醋,鸡精,生姜,胡椒粉,盐,料酒,花生油,香叶]",炖,酸甜味,初级入门,30
285,电饼铛版蜜汁鸡翅,[鸡翅],"[花生油,酱油,料酒,盐,胡椒粉,蜂蜜,白糖]",煎,咸鲜味,初级入门,30
286,糖醋带鱼,[带鱼],"[淀粉,盐,生姜,小葱,白糖,醋,花生油,胡椒粉,料酒]",烧,酸甜味,初级入门,30
287,牛肉炒毛豆,"[牛肉,毛豆]","[生姜,盐,味精,大蒜,辣椒,醋,料酒,豆瓣酱,胡椒粉,花生油]",炒,咸鲜味,初中水平,5
288,干锅茶树菇,[茶树菇],"[豆瓣酱,猪肉,胡椒粉,蚝油,辣椒油,洋葱,青椒,花生油,生姜,大蒜]",炒,家常味,新手尝试,10
289,腊肉蒸土豆,"[腊肉,土豆]","[盐,辣椒粉,大蒜,花生油,小葱]",蒸,家常味,初级入门,30
290,爆炒青椒鱿鱼卷,"[鱿鱼,青椒]","[生姜,胡萝卜,胡椒粉,鸡精,料酒,盐,酱油,花生油]",爆,香辣味,初级入门,30
291,凉拌蕨菜,[蕨菜],"[小葱,酱油,醋,花生油,盐,大蒜]",拌,家常味,未知,5
292,辣子鸡,[鸡肉],"[生姜,青椒,八角,花椒,料酒,鸡精,盐,白糖,花生油,辣椒,花生,大葱,干辣椒,大蒜,孜然]",爆炒,家常味,新手尝试,5
293,回锅肉,"[猪肉,豆腐]","[花生油,大葱,大蒜,料酒,白糖,生姜,豆瓣酱,盐,酱油,辣椒]",炒,葱香味,初级入门,15
294,白灼虾仁西兰花,"[西兰花,虾仁]","[花生油,胡萝卜,酱油,蚝油,淀粉,盐,大蒜,辣椒]",炒,家常味,未知,15
295,鹌鹑蛋肉包子,"[小麦面粉,猪肉,鹌鹑蛋]","[花生油,盐,小葱,生姜,蚝油,酱油,鸡精,胡椒粉,白糖]",蒸,家常味,初中水平,30
296,清炒莴笋,[莴笋],"[大蒜,盐,鸡精,料酒,酱油,花生油,生姜,胡椒粉]",炒,咸鲜味,初级入门,5
297,红烧鳊鱼,[鳊鱼],"[花生油,小葱,生姜,洋葱,大蒜,酱油,盐,白糖,豆瓣酱,淀粉,料酒]",微波,香辣味,未知,60
298,酸辣鸭胗,[鸭胗],"[花生油,蒜薹,盐,酱油,料酒,蚝油,辣椒]",炒,酸辣味,初中水平,5
299,油菜炒虾仁,"[油菜,虾仁]","[小葱,胡萝卜,黑木耳,胡椒粉,料酒,白糖,盐,酱油,淀粉,大蒜,花生油]",炒,家常味,未知,30
300,牛肉拌面,"[面条,牛肉]","[青椒,西红柿,白菜,胡萝卜,盐,花生油,酱油,洋葱,大葱]",炒,家常味,未知,15
301,凉拌绿豆芽,[绿豆芽],"[大葱,大蒜,香菜,辣椒油,花生油,盐,白糖,醋,酱油]",拌,咸鲜味,新手尝试,5
302,西红柿炖牛腩,"[西红柿,牛腩]","[花生油,冰糖,盐,大蒜,料酒,大葱,生姜]",炖,茄汁味,初级入门,90
303,黑木耳拌核桃仁,"[黑木耳,核桃]","[大蒜,香菜,小葱,醋,盐,酱油,花生油]",拌,家常味,初级入门,10
304,北京肉片打卤面,"[猪肉,小麦面粉]","[黄花菜,黑木耳,香菇,淀粉,八角,盐,鸡蛋,花生油]",煮,咸鲜味,初级入门,30
305,家常焖炒芸豆,[芸豆],"[小葱,猪肉,生姜,八角,盐,酱油,鸡精,花生油]",炒,咸鲜味,初级入门,15
306,菌菇馄饨,"[蟹味菇,香菇,小麦面粉]","[生姜,黑木耳,大葱,盐,鸡精,胡椒粉,酱油,花生油]",煮,咸鲜味,未知,15
307,蓑衣黄瓜,[黄瓜],"[盐,醋,辣椒,酱油,花生油,白糖,花生]",腌,酸辣味,初中水平,5
308,鱼香肉丝,"[猪肉,胡萝卜,黑木耳]","[白糖,醋,酱油,料酒,生姜,大蒜,花生油,淀粉,盐,蚝油,鸡精,大葱,生姜]",炒,香辣味,新手尝试,15
309,炝炒黄瓜,[黄瓜],"[盐,大蒜,花生油,辣椒,花椒]",炒,家常味,未知,5
310,新疆风味烤羊肉块,[羊肉],"[小葱,辣椒粉,孜然,盐,胡椒粉,酱油,花生油,料酒,黑芝麻]",烤,香辣味,初级入门,30
311,红烧羊肉,[羊肉],"[生姜,胡萝卜,大葱,酱油,料酒,盐,草果,冰糖,花生油,八角,桂皮,香叶,花椒,胡椒粉]",焖,其它口味,未知,60
312,美味卷饼,"[小麦面粉,土豆,猪肉]","[花生油,大葱,生姜,豆瓣酱,白糖,盐,鸡精,淀粉]",蒸,家常味,未知,60
313,素炒千张,[千张],"[花生油,盐,酱油,白糖,大蒜,辣椒]",炒,家常味,初中水平,15
314,香肠炒荷兰豆,"[荷兰豆,香肠]","[花生油,大蒜,酱油,盐,胡椒粉]",炒,家常味,初级入门,5
315,茄汁酸汤鱼,[青鱼],"[盐,西红柿,金针菇,娃娃菜,酒酿,大葱,生姜,洋葱,小葱,花生油,胡椒粉]",炖,咸鲜味,初中水平,30
316,肉丝炒面,"[面条,猪肉]","[辣椒,黄豆芽,胡萝卜,大葱,花椒,花生油,酱油,盐,生姜,料酒,豆瓣酱,大蒜]",炒,家常味,新手尝试,5
317,清炒螃蟹,[螃蟹],"[小葱,生姜,蚝油,酱油,花生油]",炒,家常味,新手尝试,10
318,猪肉粉条蒸娃娃菜,"[娃娃菜,粉条,猪肉]","[花生油,生姜,小葱,五香粉,酱油,蚝油,盐,淀粉,香菜]",蒸,家常味,初级入门,30
319,猪肉炒茄子,"[茄子,猪肉]","[小葱,辣椒,生姜,大蒜,酱油,料酒,五香粉,盐,花生油]",炒,家常味,初级入门,15
320,板栗红烧肉,"[猪肉,板栗]","[花生油,酱油,盐,花椒,八角,料酒,白菜,大葱,生姜,冰糖,肉桂]",烧,咸鲜味,初中水平,90
321,番茄炒大米,"[大米,西红柿]","[花生油,玉米,鸡蛋,香肠,盐,五香粉,洋葱,鸡精,小葱,白糖]",炒,茄汁味,初级入门,5
322,香辣炒豆腐,[豆腐],"[花生油,盐,大蒜,小葱,胡萝卜,黄瓜,芝麻]",炒,香辣味,初级入门,15
323,料酒黄花鱼,"[黄花鱼,料酒]","[花生油,大葱,生姜,大蒜,辣椒,酱油,盐,胡椒粉,白糖,淀粉]",烧,咸鲜味,初级入门,10
324,炝拌双丝,"[土豆,胡萝卜]","[盐,醋,白糖,花生油,花椒,小葱]",拌,椒麻味,初级入门,10
325,脆皮卤鸡爪,[鸡爪],"[花生油,豆瓣酱,白糖,盐,生姜,辣椒,红枣]",卤,家常味,初级入门,30
326,辣椒猪肉茄子,"[茄子,猪肉]","[花生油,盐,酱油,辣椒,大葱,大蒜,淀粉,鸡精]",蒸,香辣味,新手尝试,10
327,宫保鸡丁,"[鸡肉,花生,黄瓜]","[大葱,大蒜,生姜,干辣椒,花椒,料酒,醋,白糖,淀粉,胡椒粉,盐,花生油]",炒,其它口味,新手尝试,5
328,洋葱猪肉包,"[小麦面粉,猪肉,洋葱]","[花生油,五香粉,淀粉,花椒,鸡精,酱油,盐,胡椒粉]",蒸,咸鲜味,初中水平,30
329,酱汁茄子肉盒,"[猪肉,茄子]","[花生油,酱油,料酒,醋,白糖,淀粉]",煎,咸鲜味,初级入门,15
330,干煸土豆条,[土豆],"[大蒜,青椒,干辣椒,生姜,孜然,盐,花生油]",煎,香辣味,初级入门,15
331,麻辣蛋干拌粉丝,"[粉丝,鸡蛋]","[盐,酱油,花生油,辣椒油,小葱,花生,芝麻,醋,白糖]",拌,麻辣味,初级入门,10
332,凉拌白菜,[白菜],"[花生油,花生,大葱,盐,辣椒油,酱油,白糖,醋,大蒜]",拌,家常味,中级掌勺,30
333,小炒大蒜黄,[大蒜],"[青椒,鸡蛋,花生油,酱油,盐]",炒,家常味,新手尝试,15
334,香卤牛肉,[牛肉],"[冰糖,酱油,料酒,八角,茴香,香叶,桂皮,干辣椒,生姜,花椒,陈皮,盐,花生油]",卤,香辣味,初级入门,90
335,红烧牛肉,[牛肉],"[大葱,干辣椒,花椒,八角,桂皮,料酒,酱油,醋,盐,冰糖,生姜,花生油]",烧,家常味,初中水平,90
336,麻辣牛肉干,[牛肉],"[生姜,大葱,八角,花生油,盐,辣椒粉,胡椒粉,辣椒油,芝麻,辣椒,孜然,酱油,料酒,白糖,五香粉,花椒]",烤,麻辣味,初中水平,60
337,酥炸多春鱼,[多春鱼],"[酒酿,酱油,盐,白糖,五香粉,花生油,淀粉,大葱,洋葱,生姜]",炸,咸鲜味,初级入门,10
338,香菇炒仔鸡,"[鸡肉,香菇]","[花生油,酱油,盐,白糖,料酒,生姜,小葱,辣椒]",炒,咸鲜味,新手尝试,15
339,鱼炖茄子,"[鲤鱼,茄子]","[花生油,盐,淀粉,小葱,干辣椒,番茄酱,酱油,醋,料酒,生姜,大蒜,香菜]",炖,家常味,初级入门,60
340,虾仁豆腐丸子,"[豆腐,虾仁]","[花生油,盐,五香粉,小葱,生姜]",炸,咸鲜味,中级掌勺,15
341,豆豉蒸排骨,"[排骨,豆豉]","[花生油,盐,酱油,淀粉]",蒸,家常味,未知,30
342,秘制茶叶蛋,[鸡蛋],"[茶叶,酱油,盐,料酒]",煮,家常味,未知,25
343,蛤蜊豆腐炖海带,"[蛤蜊,豆腐,海带]","[小葱,料酒,淀粉,花生油,盐]",炖,咸鲜味,新手尝试,30
344,清蒸鲈鱼,[鲈鱼],"[香菜,生姜,大蒜,小葱,酱油,胡萝卜,辣椒,盐,花椒,花生油]",蒸,鱼香味,初级入门,10
345,七样羹,"[猪肉,香菇,虾仁,白菜,生菜,芥菜,芹菜,芥蓝]","[大蒜,花生油,盐,鸡精]",煮,家常味,新手尝试,15
346,干贝炒丝瓜,"[丝瓜,干贝]","[花生油,辣椒,盐,生姜,酒酿,大蒜]",炒,咸鲜味,新手尝试,5
347,凉拌牛肉,[牛肉],"[大蒜,大葱,生姜,醋,酱油,辣椒油,白糖,小葱,花生油,盐]",拌,咸鲜味,初级入门,10
348,辣椒酱烤鱿鱼,"[鱿鱼,香菜]","[花生油,盐,芝麻,大蒜,辣椒粉,料酒,胡椒粉]",烤,酱香味,初级入门,10
349,翡翠白玉卷,"[白菜,猪肉,玉米,黑木耳]","[花生油,胡椒粉,盐,酱油,淀粉]",蒸,家常味,新手尝试,15
350,香卤鹌鹑蛋,[鹌鹑蛋],"[八角,草果,花椒,生姜,桂皮,香叶,冰糖,料酒,干辣椒,盐,酱油]",卤,五香味,未知,5
351,泰式鸡肉串,[鸡肉],"[花生油,柠檬,豆瓣酱,酱油,盐,料酒,胡椒粉]",烤,酸辣味,初级入门,30
352,鸡猪肉汉堡,"[小麦面粉,鸡肉,鸡蛋]","[花生油,生菜,胡萝卜,蚝油,牛奶,盐,白糖,小葱]",烘焙,咸鲜味,初中水平,30
353,意大利培根面,"[面条,培根]","[花生油,胡萝卜,大蒜,盐,胡椒,豆瓣酱,辣椒,洋葱]",煮,黑椒味,中级掌勺,10
354,豇豆肉丁,"[猪肉,豇豆]","[花生油,盐,酱油,料酒,辣椒粉,大蒜,小葱]",炒,家常味,初级入门,10
355,荠菜鲜肉春卷,"[荠菜,猪肉,小麦面粉]","[生姜,盐,酱油,料酒,花生油]",烘焙,家常味,新手尝试,15
356,芝麻肉松,"[猪肉,芝麻]","[花生油,酱油,盐,小葱,蚝油,料酒,白糖,鸡精]",烘焙,家常味,初级入门,60
357,排骨焖饭,"[排骨,大米]","[花生油,盐,小葱,生姜,酱油,白糖,八角,香叶,料酒,桂皮]",煮,家常味,未知,30
358,手撕凉拌杏鲍菇,[杏鲍菇],"[大蒜,辣椒,酱油,花生油,白糖,辣椒油,小葱,盐,蚝油]",拌,香辣味,初中水平,10
359,凉拌海蜇皮,[海蜇],"[酱油,黑木耳,黄瓜,醋,白糖,花生油,大蒜,小葱,香菜,辣椒,辣椒油]",拌,家常味,新手尝试,10
360,秦椒炒牛柳,[牛肉],"[辣椒,大葱,酱油,淀粉,蚝油,大蒜]",炒,香辣味,中级掌勺,15
361,西红柿土豆牛肉浓汤,"[牛肉,西红柿,土豆]","[料酒,茴香,八角,桂皮,小葱,生姜,花椒,盐,胡椒粉,花生油]",炖,咸鲜味,新手尝试,90
362,芦笋牛肉丝,"[牛肉,芦笋]","[花生油,酱油,料酒,淀粉,白糖,盐,生姜,大蒜]",炒,家常味,新手尝试,10
363,牛油果培根意面,"[面条,培根,牛油果]","[大蒜,花生油,盐,胡椒]",炒,黑椒味,新手尝试,15
364,大蒜蓉蒸双拼,"[基围虾,大蒜]","[花椒,辣椒,酱油,小葱,盐,白糖]",蒸,家常味,新手尝试,30
365,私房红烧牛肉,[牛肉],"[花生油,盐,酱油,冰糖,生姜,大蒜,干辣椒,豆瓣酱,番茄酱,小葱,酒酿]",烧,香辣味,初中水平,60
366,猪肉烤茄子,"[猪肉,茄子]","[盐,花生油,酱油,香菜,芝麻,大葱,大蒜,白糖,辣椒酱]",烤,香辣味,新手尝试,60
367,香干毛豆炒肉丝,"[猪肉,毛豆,豆腐干]","[花生油,青椒,小葱,盐,料酒,白糖,生姜,辣椒酱,大蒜]",炒,家常味,初级入门,15
368,软香卤牛肉,[牛肉],"[冰糖,生姜,花生油,盐,酱油,茴香,花椒,桂皮,陈皮,八角,香叶,料酒,干辣椒]",卤,咸鲜味,初中水平,60
369,凉拌千张,[千张],"[辣椒,盐,花生油,蚝油,酱油,香菜,大蒜,花生,黄瓜,醋,黑木耳,鸡精,白糖]",拌,家常味,初级入门,10
370,辣椒肉丁,"[猪肉,辣椒]","[花生油,盐,干辣椒,花椒,生姜,大蒜,淀粉]",炒,家常味,中级掌勺,15
371,卤鹌鹑蛋,[鹌鹑蛋],"[盐,草果,桂皮,花椒,生姜,香叶,八角,料酒,干辣椒,冰糖,酱油]",卤,家常味,初级入门,2
372,虾仁炒三丁,"[虾仁,胡萝卜,茭白,青豆]","[盐,花生油,鸡精,生姜,小葱,淀粉]",炒,咸鲜味,新手尝试,15
373,家常炒合菜,"[韭菜,鸡蛋,绿豆芽,粉条]","[花生油,盐,酱油,蚝油]",炒,家常味,初中水平,5
374,父亲节肉饼,"[猪肉,小麦面粉]","[小葱,酱油,花生油,盐,胡椒粉,白糖]",烘焙,咸鲜味,高级厨师,30
375,砂锅鱼头汤,[鱼头],"[花生油,豆腐,黑木耳,鸡蛋,盐,鸡精,胡椒粉,生姜,小葱,料酒]",煲,咸鲜味,初级入门,60
376,凉皮拌黄瓜,"[小麦面粉,黄瓜]","[盐,白糖,醋,酱油,淀粉]",拌,酸甜味,初级入门,10
377,桂花银耳炖雪梨,"[香梨,银耳,桂花]","[冰糖,枸杞子,蜂蜜]",炖,甜味,新手尝试,30
378,爆炒猪肝菜心,"[猪肝,菜心]","[淀粉,酱油,花生油,盐,料酒]",炒,家常味,新手尝试,10
379,豆豉蒸排骨,"[豆豉,排骨]","[辣椒,花生油,盐,大蒜,白糖,酱油,淀粉]",蒸,咸鲜味,未知,60
380,泰式菠萝炒饭,"[大米,菠萝]","[小白菜,虾,绿豆芽,鱼露,盐,花生油,洋葱,辣椒]",炒,家常味,初级入门,10
381,麻油菌菇拌菜,"[香菇,苦菊]","[花生油,黑木耳,胡萝卜,盐,醋,白糖,香菜]",拌,其它口味,中级掌勺,30
382,鸡肉粉丝砂锅煲,"[土豆,鸡肉,黄瓜,火腿,西红柿,苦菊]","[辣椒,盐,鸡精,生姜,酱油,花生油,蚝油,醋]",煲,家常味,中级掌勺,15
383,一品鲜蟹糊羹,"[螃蟹,豆腐,鸡蛋]","[盐,香菜,胡椒粉,花生油,醋,淀粉,生姜]",烧,咸鲜味,初级入门,15
384,黄豆粉戚风蛋糕,"[鸡蛋,小麦面粉]","[盐,花生油,牛奶,白糖,柠檬水]",烘焙,甜味,新手尝试,30
385,辣子鸡,[鸡肉],"[花生油,盐,白糖,花生,干辣椒,大蒜,酱油,料酒,生姜,鸡精,小葱,辣椒,花椒,大葱]",爆炒,麻辣味,新手尝试,15
386,培根面包,"[小麦面粉,培根]","[花生油,鸡蛋,小葱,盐,白糖,黄油,干酵母,牛奶]",烘焙,甜味,初级入门,60
387,鸡肉炖土豆,"[土豆,鸡肉]","[生姜,大葱,八角,醋,花生油,料酒,盐,白糖]",炖,家常味,未知,30
388,凉拌白萝卜丝,[白萝卜],"[盐,小葱,辣椒,生姜,大蒜,鸡精,酱油,醋,辣椒油,白糖]",拌,香辣味,中级掌勺,30
389,豇豆猪肉,"[猪肉,豇豆]","[花生油,盐,豆瓣酱,淀粉,鸡精,生姜,辣椒]",炒,酸辣味,中级掌勺,10
390,什锦蛋炒饭,"[香菇,虾仁,牛肉,鸡蛋,玉米]","[花生油,盐,料酒,洋葱,青椒]",炒,家常味,新手尝试,15
391,麻辣毛血旺,"[米粉,鸭血,猪肉,火腿,莴笋,四季豆]","[花生油,大葱,花椒,胡椒粉,生姜,大蒜,干辣椒,花椒,豆瓣酱,盐,冰糖]",煮,香辣味,初级入门,15
392,泡菜火腿蛋炒饭,"[大米,火腿,鸡蛋,泡菜]","[盐,料酒,酱油,花生油]",炒,酸辣味,新手尝试,15
393,香菇炒肉,"[猪肉,香菇]","[鸡精,淀粉,盐,酱油,胡椒粉,料酒,生姜,大蒜,花生油]",炒,家常味,新手尝试,10
394,番茄肉丝炒蛋,"[猪肉,西红柿,鸡蛋]","[花生油,盐,料酒,白糖,酱油]",炒,家常味,新手尝试,10
395,鸡蛋豆腐,"[鸡蛋,豆腐]","[花生油,蚝油,酱油,盐,辣椒油,小葱]",蒸,香辣味,新手尝试,10
396,香煎黄花鱼,[黄花鱼],"[花生油,生姜,淀粉,小麦面粉,胡椒粉,盐,大葱,大蒜]",煎,咸鲜味,中级掌勺,10
397,彩色饺子,"[菠菜,南瓜,紫甘蓝,小麦面粉,韭菜,猪肉]","[盐,鸡精,胡椒粉,蚝油,酱油]",煮,家常味,新手尝试,15
398,门钉肉饼,"[牛肉,小麦面粉]","[盐,五香粉,花椒,生姜,花生油,豆瓣酱,料酒,小葱]",煎,家常味,初级入门,10
399,豉油蒸排骨,"[豆豉,排骨]","[花生油,大蒜,生姜,酱油,盐,白糖,料酒,胡椒粉,小葱]",蒸,咸鲜味,新手尝试,30
400,芹菜黑木耳炒肉,"[猪肉,黑木耳,芹菜]","[花生油,淀粉,料酒,酱油,大蒜,盐,五香粉,豆瓣酱]",炒,家常味,初级入门,10
401,自制蒸火腿,"[猪肉,虾仁,鸡蛋]","[花生油,生姜,淀粉,白糖,盐,酱油,五香粉,小葱]",蒸,咸鲜味,初中水平,15
402,回锅肉,"[猪肉,豆腐]","[花生油,盐,酱油,料酒,豆瓣酱,辣椒,大葱,生姜,白糖,大蒜]",炒,酱香味,初级入门,10
403,水煮肉片,[猪肉],"[干辣椒,黄豆芽,大葱,花生油,大蒜,豆瓣酱,辣椒油,料酒,花椒,鸡精,淀粉,盐,酱油,白糖]",煮,麻辣味,新手尝试,15
404,牛肉罗勒风味披萨,"[小麦面粉,牛肉,番茄酱,洋葱,奶酪]","[盐,白糖,辣椒,花生油]",烤,家常味,新手尝试,2
405,西红柿鸡蛋水饺,"[西红柿,鸡蛋,小麦面粉]","[花生油,青椒,盐,味精,小葱]",煮,咸鲜味,新手尝试,60
406,水晶白菜蒸饺,"[白菜,小麦面粉]","[菠菜,淀粉,鸡蛋,小葱,生姜,花生油,盐,五香粉]",蒸,家常味,初中水平,60
407,甜笋炒肉片,"[竹笋,猪肉]","[大蒜,花生油,淀粉,酱油,白糖,盐]",炒,家常味,初中水平,15
408,芋仔炖面筋,"[芋头,面筋]","[小葱,黑木耳,八角,大蒜,花椒,盐,花生油,辣椒,生姜]",炖,咸鲜味,初级入门,30
409,带鱼炖豆腐,"[带鱼,豆腐]","[花生油,盐,生姜,大葱,辣椒酱]",炖,家常味,中级掌勺,30
410,辣椒炒猪心,"[猪心,辣椒]","[生姜,胡萝卜,小葱,料酒,盐,花生油]",炒,家常味,新手尝试,15
411,蟹黄豆腐,"[豆腐,咸鸭蛋]","[大蒜,花生油,生姜,小葱,胡椒粉,淀粉,盐,大葱,料酒]",煮,咸鲜味,新手尝试,10
412,鲜虾窝蛋蒸肉泥,"[猪肉,鸡蛋,虾仁]","[花生油,香菇,盐,蚝油,酱油]",蒸,咸鲜味,新手尝试,15
413,辣椒鸡肉炒饭,"[大米,鸡肉,辣椒]","[小葱,鸡蛋,花生油,酱油,盐]",炒,家常味,新手尝试,15
414,鱼香肉丝,"[猪肉,黑木耳,胡萝卜]","[料酒,酱油,盐,花生油,生姜,大蒜,泡椒,白糖,小葱,醋,蚝油,鸡精,淀粉]",炒,鱼香味,初级入门,10
415,麻汁拌小白菜,[小白菜],"[辣椒油,蒜薹,花生酱,酱油,醋,盐]",拌,麻酱味,新手尝试,5
416,排骨汤蒸花卷,"[排骨,小麦面粉]","[花生油,土豆,胡萝卜,盐,生姜,小葱,胡椒粉,料酒]",蒸,家常味,未知,30
417,辣炒薯粉鸡公蛋,"[鸡蛋,红薯粉]","[花生油,青椒,盐,酱油,料酒,大蒜]",炒,香辣味,初中水平,5
418,香干回锅肉,"[猪肉,豆腐干]","[花生油,生姜,大蒜,豆瓣酱,青椒,辣椒,酱油,盐,醋,鸡精,胡椒粉,白糖]",炒,家常味,新手尝试,15
419,热拌茄子,[茄子],"[花生油,辣椒,西红柿,香菜,小葱,大蒜,酱油,醋,盐,鸡精]",微波,家常味,初级入门,10
420,紫菜大肉包,"[小麦面粉,猪肉,紫菜]","[花生油,胡萝卜,盐,淀粉,白糖,酱油]",蒸,咸鲜味,初级入门,30
421,猪肉烧黄菜,"[猪肉,黄花菜]","[花生油,盐,料酒,酱油,味精,生姜,淀粉]",烧,家常味,初级入门,15
422,莴笋炒肉丝,"[猪肉,莴笋]","[花生油,盐,淀粉,鸡精,辣椒,小葱,白糖,酱油,胡椒粉,生姜]",炒,家常味,初级入门,10
423,红椒牛肉丝面条,"[面条,牛肉,辣椒]","[花生油,盐,酱油,淀粉,鸡精,豆瓣酱]",炒,家常味,初级入门,10
424,烤牛排,[牛排],"[花生油,西红柿,胡椒,五香粉,蚝油,白糖,酱油,洋葱]",烤,家常味,新手尝试,30
425,荸荠蒸鸡蛋肉饼,"[猪肉,荸荠,小麦面粉]","[生姜,淀粉,酒酿,酱油,盐,花生油,小葱]",蒸,家常味,初级入门,15
426,凉拌毛豆,[毛豆],"[花生油,生姜,鸡精,酱油,白糖,醋,盐,大蒜,干辣椒,花椒,胡椒粉]",拌,家常味,初级入门,15
427,蒜薹炒肉,"[蒜薹,猪肉]","[花生油,辣椒,盐,生姜,淀粉,酱油,料酒,洋葱,鸡精]",炒,家常味,中级掌勺,10
428,黄瓜炖鸡,"[鸡肉,黄瓜]","[花生油,酱油,料酒,辣椒,豆瓣酱,盐]",炖,家常味,未知,60
429,酱鸡爪,[鸡爪],"[花生油,盐,小葱,生姜,香叶,酱油,豆瓣酱]",煮,家常味,未知,30
430,三杯鸡,[鸡肉],"[花生油,盐,料酒,酱油,大葱,大蒜,生姜,辣椒]",烧,咸鲜味,初级入门,30
431,炒虾,[虾仁],"[花生油,盐,酱油,辣椒,小葱,生姜]",炒,家常味,新手尝试,5
432,干豆腐炒圆白菜肉片,"[圆白菜,猪肉,千张]","[小葱,胡椒粉,酱油,盐,鸡精,花生油]",炒,家常味,初级入门,15
433,蟹黄豆腐烩番茄,"[豆腐,西红柿,咸鸭蛋]","[花生油,小葱,鸡精,盐,淀粉]",烩,家常味,中级掌勺,15
434,烤猪肉配欧芹酱,[猪肉],"[花生油,土豆,小麦面粉,奶油,黄油,盐,胡椒,白豆蔻]",烤,其它口味,初中水平,60
435,丸子炖土豆豇豆,"[土豆,豇豆,猪肉]","[花生油,盐,蚝油,小葱,生姜]",炖,家常味,初级入门,15
436,炒地瓜叶子,[红薯叶],"[小葱,花生油,盐,蚝油,大蒜,干辣椒,辣椒]",炒,家常味,新手尝试,5
437,豆渣果干小馒头,[小麦面粉],"[鸡蛋,牛奶,白糖,盐,花生油]",蒸,家常味,初中水平,30
438,炝拌西兰花,[西兰花],"[盐,生姜,大蒜,大葱,花椒,花生油,蚝油,番茄酱,酱油,白糖]",拌,家常味,新手尝试,5
439,肉松烤冷面,"[面条,鸡蛋]","[孜然,黄瓜,香肠,花生油,盐,辣椒酱,白糖,醋]",煎,酱香味,初级入门,30
440,醋溜黑黑木耳莲藕,"[莲藕,黑木耳]","[花生油,盐,白糖,醋,酱油,大蒜]",炒,酸甜味,未知,15
441,糖醋鱼块,[草鱼],"[花生油,鸡蛋,淀粉,盐,料酒,酱油,醋,白糖,番茄酱]",烧,酸甜味,初中水平,30
442,创新版门钉肉饼,"[小麦面粉,牛肉]","[花生油,盐,洋葱,小葱,生姜,酱油]",烙,咸鲜味,初中水平,30
443,回锅肉,"[猪肉,豆腐]","[花生油,盐,白糖,豆瓣酱,大蒜,大葱,生姜,洋葱,辣椒,料酒]",炒,香辣味,新手尝试,30
444,肉松火腿夹心面包,"[小麦面粉,香肠]","[花生油,鸡蛋,黄瓜,白糖,盐,牛奶,番茄酱]",烘焙,奶香味,初级入门,30
445,红糖酒酿荷包蛋,"[鸡蛋,酒酿,红糖]","[红枣,枸杞子,生姜]",煮,甜味,初级入门,10
446,豆豉蒸鸡翅,"[鸡翅,豆豉]","[酱油,生姜,大蒜,料酒,盐,花生油,干辣椒,小葱]",蒸,家常味,初级入门,30
447,鱼头汤,[鱼头],"[小葱,豆腐,生姜,花生油,盐]",煮,家常味,未知,60
448,蒸茼蒿,[茼蒿],"[盐,小麦面粉,大蒜,酱油,醋,花生油]",蒸,家常味,新手尝试,10
449,虾仁猪肉白菜饺,"[猪肉,虾仁,白菜]","[小葱,鸡蛋,料酒,生姜,蚝油,酱油,鸡精,白糖,八角,花生油]",煮,咸鲜味,初级入门,5
450,"蟹味,酱油炒饭","[大米,酱油]","[花生油,胡萝卜,鸡蛋,小葱,黄瓜,生姜,胡椒粉,盐,火腿,大蒜]",炒,家常味,新手尝试,5
451,鸭血烩豆腐,"[鸭血,豆腐]","[花生油,盐,料酒,辣椒,胡椒粉,生姜,小葱]",煮,家常味,未知,15
452,鱼头虾蟹汤,"[鱼头,螃蟹,虾仁]","[花生油,上海青,鹌鹑蛋,盐,料酒,胡椒粉]",煮,家常味,未知,60
453,蔬香煨鸭,[鸭肉],"[花生油,黑木耳,胡萝卜,生姜,料酒,红糖,胡椒,酱油,盐]",炒,咸鲜味,初级入门,15
454,芹菜饺子,"[芹菜,小麦面粉]","[猪肉,花生油,盐,白糖,酱油,生姜,料酒]",煮,咸鲜味,初级入门,15
455,蒸面皮面筋,[小麦面粉],"[鸡精,黄瓜,绿豆芽,盐,淀粉,苏打粉,辣椒粉,辣椒油,胡椒粉,八角,醋,大蒜,花生油]",蒸,酸辣味,初中水平,15
456,西红柿炒茄条,"[茄子,西红柿]","[花生油,盐,白糖,酱油,大蒜]",炒,酸甜味,初级入门,10
457,东北铁锅炖,"[小麦面粉,牛肉,土豆,四季豆,胡萝卜]","[花生油,盐,蚝油,酱油,八角,胡椒粉,桂皮,淀粉,生姜]",炖,咸鲜味,新手尝试,60
458,煎饺抱蛋,[鸡蛋],"[盐,花生油,黑芝麻,小葱]",煎,家常味,初级入门,15
459,炒鸡肝,[鸡肝],"[花生油,韭黄,盐,酱油,鸡精,生姜,大蒜,小葱]",炒,咸鲜味,新手尝试,5
460,青豆炒黑椒牛肉粒,"[青豆,牛肉]","[花生油,生姜,大蒜,辣椒,盐,酱油,料酒,白糖,胡椒]",炒,咸鲜味,初中水平,10
461,孜然葱香烤鸡,"[鸡肉,孜然]","[花生油,盐,洋葱,生姜,胡椒粉,酱油,料酒,蜂蜜]",烤,葱香味,初中水平,60
462,培根吐司,"[小麦面粉,培根,鸡蛋]","[白糖,盐,牛奶,花生油]",烘焙,咸鲜味,初中水平,30
463,鲜肉粽,"[糯米,猪肉]","[蚝油,酱油,料酒,胡椒粉,盐,生姜,花生油,洋葱]",煮,咸鲜味,初中水平,90
464,承味正宗地三鲜,"[土豆,青椒,茄子]","[盐,花生油,小葱,大蒜,酱油,豆瓣酱,料酒,白糖,醋,蚝油,淀粉,生姜]",烤,家常味,初级入门,30
465,肉沫豆腐,"[豆腐,猪肉]","[花生油,小葱,大蒜,酱油,盐,鸡精]",炖,咸鲜味,未知,15
466,咸肉菜饭,"[腊肉,大米]","[大葱,盐,上海青,白糖,花生油,胡椒粉]",焖,咸鲜味,初中水平,30
467,"烤箱版,烤鱼",[草鱼],"[酱油,圆生菜,金针菇,盐,五香粉,花生油,洋葱,香菜,花生]",烤,咸鲜味,中级掌勺,60
468,肉桂戚风,"[蛋黄,鸡蛋]","[柠檬,白糖,牛奶,花生油,肉桂粉]",烘焙,其它口味,中级掌勺,60
469,白灼菜心,[油菜],"[酱油,蚝油,花生油,盐,白糖,大蒜]",灼,咸鲜味,未知,10
470,豆浆机版猪皮冻,[猪皮],"[生姜,盐,小葱,花生油,辣椒油,料酒,醋,大蒜,酱油,香叶,桂皮,花椒]",煮,香辣味,初中水平,15
471,简易大盘鸡面,[鸡肉],"[盐,胡萝卜,面条,酱油,料酒,花生油,洋葱,辣椒,生姜,大蒜]",拌,咸鲜味,初级入门,30
472,莴笋炒蛋,"[莴笋,鸡蛋]","[花生油,盐,酱油,料酒,大蒜,干辣椒]",炒,香辣味,初中水平,5
473,自制香肠,"[猪肉,小麦面粉]","[淀粉,盐,白糖,酱油,鸡蛋,胡椒,蚝油,料酒,花生油,大葱,生姜]",蒸,家常味,新手尝试,30
474,西葫芦炒鸡蛋,"[鸡蛋,西葫芦]","[花生油,大葱,盐,白糖,料酒]",炒,家常味,未知,5
475,牛肉芹菜馅蒸饺,"[小麦面粉,牛肉,芹菜]","[花生油,胡萝卜,盐,五香粉,白糖,胡椒粉,酱油,料酒,蚝油,小葱,生姜]",蒸,咸鲜味,初中水平,30
476,香菇鸡翅,"[鸡翅,香菇]","[花生油,酱油,盐,辣椒酱,辣椒,生姜,大蒜]",炒,香辣味,初级入门,30
477,腊八大蒜红烧肉,"[猪肉,大蒜]","[花生油,八角,小葱,生姜,料酒,酱油,白糖,盐]",炖,鱼香味,未知,15
478,粉丝小白菜,"[粉丝,小白菜]","[花生油,盐,味精,酱油,小葱]",烧,家常味,新手尝试,5
479,蒸青鱼,[青鱼],"[花生油,小葱,生姜,大蒜,豆豉,辣椒,酱油,盐]",蒸,咸鲜味,初级入门,10
480,家常炒饭,[大米],"[花生油,火腿,豇豆,小葱,酱油,枸杞子,辣椒]",炒,家常味,初级入门,15
481,锅包肉,[猪肉],"[黄瓜,淀粉,生姜,大葱,白糖,花生油,盐,醋,料酒,酱油,大蒜]",炸,家常味,新手尝试,10
482,茶叶蛋,"[鸡蛋,茶叶]","[盐,蚝油,八角,茴香,冰糖]",煮,咸鲜味,未知,30
483,葱香肉松面包卷,"[小麦面粉,鸡蛋]","[牛奶,小葱,芝麻,黄油,白糖,盐]",烘焙,葱香味,中级掌勺,30
484,大蒜蓉蒸茄子,"[茄子,大蒜]","[盐,花生油,大葱,醋,酱油,鸡精]",蒸,咸鲜味,初级入门,15
485,甘蔗炖羊腿,"[羊肉,甘蔗]","[花生油,盐,冰糖,八角,陈皮,桂皮,小葱,酒酿,香叶,生姜]",炖,咸鲜味,初级入门,2
486,辣椒炒虾仁,"[虾仁,辣椒]","[盐,鸡精,蚝油,酱油,花生油]",炒,家常味,初级入门,10
487,三文鱼配面条条,"[面条,三文鱼]","[小葱,鸡蛋,培根,芝麻,胡椒粉,花生油,盐]",煮,奶香味,中级掌勺,30
488,银鱼蒸蛋羹,"[银鱼,鸡蛋]","[胡椒粉,料酒,酱油,花生油,香菜,盐]",蒸,家常味,初中水平,10
489,杏鲍菇牛肉粒,"[牛肉,杏鲍菇]","[蚝油,盐,酒酿,花生油,淀粉,胡椒粉,洋葱,大蒜,薄荷]",炒,咸鲜味,初中水平,15
490,煲仔饭,[大米],"[豆豉,油菜,排骨,鸡蛋,酒酿,生姜,大蒜,小葱,鱼露,酱油,蚝油,花生油,白糖,盐]",煲,家常味,初级入门,15
491,豇豆饺子,"[豇豆,小麦面粉]","[紫甘蓝,猪肉,醋,酱油,盐,花生油,五香粉]",煮,家常味,初中水平,30
492,鱼香肉丝,"[猪肉,胡萝卜,黑木耳]","[白糖,醋,酱油,小葱,大蒜,花生油,淀粉,盐,生姜,辣椒,蚝油,鸡精,料酒]",炒,酸甜味,初级入门,30
493,小白菜肉包,"[小白菜,猪肉,小麦面粉]","[酱油,盐,花生油,五香粉,鸡精,小葱]",蒸,家常味,中级掌勺,30
494,猴头红焖肉,"[猪肉,猴头菇]","[花生油,酱油,料酒,盐,八角,大葱,生姜,大蒜,白糖]",焖,家常味,新手尝试,60
495,菠萝古老肉,"[猪肉,菠萝]","[盐,料酒,胡椒粉,淀粉,白糖,醋,香菜,鸡蛋,辣椒,番茄酱,生姜,大蒜,花生油]",炸,家常味,新手尝试,15
496,烤箱版猪肉串,[猪肉],"[花生油,洋葱,孜然,芝麻,辣椒,酱油,盐,鸡精]",烤,咸鲜味,初级入门,15
497,血粑炒排骨,[排骨],"[花生油,盐,生姜,辣椒,香菜,酱油,豆瓣酱]",炒,香辣味,中级掌勺,30
498,清蒸鲈鱼,[鲈鱼],"[香菜,花生油,盐,酱油,料酒,小葱,生姜,辣椒,大蒜,花椒]",蒸,咸鲜味,中级掌勺,15
499,五香鹌鹑蛋,[鹌鹑蛋],"[花生油,盐,白糖,香叶,花椒,桂皮,八角,酱油,生姜]",卤,咸鲜味,新手尝试,30
500,竹笋炒肉,"[竹笋,猪肉]","[料酒,酱油,淀粉,胡椒粉,花生油,大蒜,辣椒,盐,大葱]",炒,香辣味,未知,15
501,滑炒草菇,[草菇],"[花生油,黑木耳,黄瓜,猪肉,西兰花,香菇,味精,盐,小葱,生姜,大蒜,蚝油,料酒,酱油]",炒,咸鲜味,初级入门,10
502,清蒸石斑鱼,[石斑鱼],"[生姜,辣椒,盐,酱油,花生油,小葱]",蒸,咸鲜味,未知,15
503,南瓜丁炒粉,"[南瓜,粉条]","[盐,大蒜,花生油,辣椒,酱油,鸡精]",炒,家常味,新手尝试,15
504,青大蒜炒肚丝,"[猪肚,大蒜]","[花生油,盐,干辣椒,豆瓣酱,酱油,料酒,白糖]",炒,香辣味,新手尝试,5
505,海带肉松卷,"[鸡蛋,海带]","[白糖,盐,柠檬,番茄酱,淀粉,花生油,牛奶]",烘焙,咸鲜味,初中水平,30
506,青椒虾,"[虾,青椒]","[鸡精,生姜,大葱,花生油,豆瓣酱,盐]",炒,家常味,未知,30
507,糯米蒸排骨,"[糯米,排骨]","[花生油,盐,酱油,蚝油,料酒,小葱,生姜]",蒸,家常味,中级掌勺,60
508,腐竹鹌鹑蛋炖肉,"[猪肉,腐竹,鹌鹑蛋]","[花生油,香菇,盐,白糖,酱油,生姜,大蒜,小葱,料酒,淀粉]",炖,家常味,未知,30
509,茼蒿炒豆腐,"[茼蒿,豆腐]","[大蒜,辣椒,蚝油,花生油,盐]",炒,家常味,新手尝试,10
510,芝麻羊肉粒,"[羊肉,黑芝麻]","[花生油,芦笋,盐,辣椒,酒酿,酱油,大蒜,小葱,胡椒粉,淀粉]",炒,香辣味,初级入门,10
511,爆炒猪腰花,[猪腰],"[酱油,白糖,醋,花生油,小葱,生姜,淀粉,鸡精,盐,青椒]",炒,家常味,未知,30
512,紫苏炒田螺,"[田螺,紫苏]","[花生油,盐,酱油,料酒,辣椒酱,小葱,冰糖,干辣椒,大蒜,生姜,八角,花椒]",炒,香辣味,新手尝试,30
513,法式土豆培根面包浓汤,"[土豆,面包,培根]","[洋葱,盐,黄油,牛奶,胡椒]",煮,咸鲜味,新手尝试,15
514,鱼香茄子,[茄子],"[豆瓣酱,大蒜,大葱,酱油,醋,料酒,白糖,盐,花生油,淀粉]",炒,鱼香味,中级掌勺,15
515,豇豆猪肉包子,"[小麦面粉,豇豆,猪肉]","[花生油,料酒,蚝油,盐,酱油,生姜,洋葱]",蒸,家常味,初级入门,15
516,青椒炒土豆片,"[青椒,土豆]","[花生油,辣椒,盐,五香粉,小葱,酱油,鸡精]",炒,家常味,初级入门,5
517,辣子鸡块,[鸡肉],"[花生油,辣椒,花生,生姜,大蒜,盐,白糖,鸡精,胡椒粉,料酒,大葱,干辣椒,花椒]",爆炒,香辣味,未知,30
518,砂锅猪肉,[猪肉],"[花生油,冰糖,盐,料酒,酱油,蚝油,小葱]",煮,家常味,未知,2
519,鱼香茄子,[茄子],"[花生油,大葱,生姜,大蒜,盐,酱油,醋,白糖,胡椒粉,豆瓣酱]",炒,鱼香味,初级入门,15
520,葱烧海参,"[海参,大葱]","[盐,生姜,淀粉,白糖,酒酿,花生油,料酒,酱油]",烧,葱香味,初中水平,30
521,多彩牛肉烤串,"[牛肉,辣椒]","[胡椒粉,洋葱,盐,料酒,花生油,蚝油,黑芝麻]",烤,其它口味,新手尝试,15
522,酱爆田螺,[田螺],"[豆瓣酱,干辣椒,生姜,盐,八角,料酒,小葱,花生油]",炒,麻辣味,初中水平,30
523,腊味炒饭,"[大米,香肠]","[花生油,胡萝卜,白萝卜,盐,酱油,小葱]",炒,甜味,未知,90
524,辣椒鱼头,[鱼头],"[盐,鸡精,生姜,大蒜,料酒,辣椒,豆豉,小葱,酱油,花生油]",蒸,香辣味,初中水平,15
525,素烧茄丁,[茄子],"[花生油,盐,味精,大蒜,酱油,辣椒]",烧,家常味,初级入门,10
526,扣肉,[猪肉],"[花生油,生姜,小葱,酱油,腐乳,料酒,淀粉,白糖,盐]",蒸,咸鲜味,中级掌勺,90
527,酱爆小章鱼,[章鱼],"[花生油,猪肉,盐,辣椒,蟹味菇,大蒜,生姜,酒酿,辣椒油,豆瓣酱]",炒,酱香味,初级入门,10
528,红烧肉皮,[猪皮],"[花生油,盐,酱油,生姜,陈皮,八角]",烧,家常味,初级入门,60
529,鱼香肉丝的家常做法,"[猪肉,胡萝卜,黑木耳]","[花生油,蚝油,盐,酱油,鸡精,料酒,大葱,大蒜,豆瓣酱,生姜,泡椒,白糖,醋,淀粉]",炒,鱼香味,未知,15
530,四喜丸子,"[小麦面粉,金针菇,香菇,黑木耳]","[花生油,花生,盐,酱油,白糖,八角,桂皮]",炒,五香味,新手尝试,30
531,牛尾清汤,[牛尾],"[盐,白萝卜,大蒜,洋葱,生姜,胡椒,料酒]",炖,咸鲜味,未知,45
532,地三鲜,"[茄子,青椒,土豆]","[花生油,盐,大蒜,鸡精,蚝油,小葱,料酒,白糖,醋,花椒,淀粉,生姜]",烤,大蒜香味,初级入门,10
533,料酒烧鸭,[鸭肉],"[花生油,盐,大蒜,茶油,醋,酱油,味精,料酒,辣椒]",烧,香辣味,初级入门,30
534,大蒜泥鸡蛋,"[鸡蛋,大蒜]","[花生油,醋,酱油,蚝油,盐]",拌,大蒜香味,新手尝试,30
535,干煸四季豆焖肉,"[猪肉,四季豆]","[蚝油,酱油,盐,鸡精,花生油,大蒜,干辣椒]",炒,家常味,新手尝试,30
536,炒鸡杂,[鸡胗],"[芹菜,花生油,盐,辣椒,生姜,大蒜,豆瓣酱,料酒]",炒,家常味,初级入门,5
537,牛肉酸辣粉,"[牛肉,粉丝]","[花生油,盐,酱油,香菜,醋,大蒜,洋葱,辣椒]",煮,酸辣味,初中水平,30
538,大米牛肉焖饭,"[牛肉,大米]","[花生油,豇豆,胡萝卜,盐,酱油,大葱]",焖,家常味,初中水平,30
539,糯米鱿鱼卷,"[鱿鱼,糯米]","[花生油,猪肉,芹菜,胡萝卜,盐,蚝油,小葱]",蒸,家常味,新手尝试,30
540,放心油条,[小麦面粉],"[白糖,花生油,盐]",炸,家常味,未知,15
541,丝瓜蒸粉条,"[丝瓜,粉丝]","[白糖,小葱,盐,大蒜,花生油,鸡精,蚝油,花椒]",蒸,家常味,新手尝试,10
542,培根鸡蛋煎面,"[面条,鸡蛋,培根]","[盐,玉米,黄瓜,胡椒,花生油,番茄酱]",煎,黑椒味,初级入门,30
543,炝炒土豆丝,[土豆],"[盐,大葱,花椒,鸡精,醋,辣椒,花生油]",炒,香辣味,初级入门,10
544,包菜炒粉丝,"[包菜,粉丝]","[花生油,猪肉,胡萝卜,盐,酱油]",炒,家常味,初级入门,10
545,凉拌金针菇,[金针菇],"[白糖,黄瓜,胡萝卜,香菜,大蒜,醋,盐,酱油,花生油,大葱]",拌,酸甜味,未知,10
546,家常韭菜炒鸡蛋,"[鸡蛋,韭菜]","[盐,小葱,花生油,鸡精]",炒,咸鲜味,新手尝试,5
547,清蒸青鱼,[青鱼],"[酱油,生姜,小葱,料酒,盐]",蒸,咸鲜味,初级入门,30
548,培根包菜卷,"[包菜,培根]","[大蒜,金针菇,盐,花生油,辣椒,孜然,小葱,芝麻]",蒸,咸鲜味,初级入门,10
549,大蒜蓉酱烤生蚝,"[生蚝,大蒜]","[花生油,辣椒,盐,蚝油,料酒,酱油,小葱]",蒸,咸鲜味,初中水平,30
550,糖醋脆皮茄子,[茄子],"[小葱,胡萝卜,青椒,鸡蛋,番茄酱,蚝油,白糖,醋,小麦面粉,盐,花生油]",炒,酸甜味,初中水平,15
551,黑木耳炒肉丝,"[黑木耳,猪肉]","[花生油,酱油,料酒,洋葱,辣椒,小葱,生姜,盐,鸡精]",炒,家常味,未知,15
552,秘制红烧肉,[猪肉],"[花生油,桂皮,八角,盐,淀粉,冰糖,料酒,大葱,酱油,醋,生姜,大蒜]",烧,家常味,初中水平,15
553,凉拌黑木耳,[黑木耳],"[辣椒,酱油,醋,盐,大蒜,花生油]",拌,酸辣味,新手尝试,15
554,荷塘小炒,"[莲藕,荷兰豆,黑木耳]","[胡萝卜,花生油,百合,大蒜,盐,味精,淀粉]",炒,咸鲜味,新手尝试,10
555,辣椒黑木耳炖鲫鱼,"[鲫鱼,黑木耳,辣椒]","[花生油,盐,豆瓣酱,生姜,胡椒粉,枸杞子]",烧,咸鲜味,初中水平,30
556,蒜薹炒猪肚,"[猪肚,蒜薹]","[盐,猪肉,料酒,酱油,花生油,干辣椒,生姜]",炒,家常味,初级入门,15
557,清蒸鲳鱼,[鲳鱼],"[料酒,生姜,小葱,酱油,盐,花生油,胡椒粉]",蒸,咸鲜味,初级入门,15
558,孜然辣粉煎黄花鱼,"[黄花鱼,孜然,辣椒粉]","[花生油,盐,酒酿,胡椒粉,味精,鸡蛋]",煎,香辣味,未知,10
559,全麦猪肉虾米馅饼,"[猪肉,虾仁,小麦面粉]","[盐,白菜,黑木耳,酱油,花生油,生姜,胡椒粉]",煎,家常味,初中水平,15
560,自制肉酱披萨,"[小麦面粉,青豆,猪肉,西红柿,玉米]","[花生油,蚝油,盐,胡萝卜,洋葱]",烘焙,咸鲜味,中级掌勺,30
561,麻辣鸡爪,[鸡爪],"[花生油,花椒,盐,小葱,黑芝麻,八角,大葱,大蒜,生姜,蚝油,酱油,白糖]",炒,麻辣味,未知,60
562,鱼香肉丝,"[猪肉,胡萝卜,黑木耳]","[白糖,莴笋,辣椒酱,醋,酱油,大葱,生姜,大蒜,花生油,淀粉,盐,蚝油,鸡精]",炒,鱼香味,高级厨师,10
563,凉拌秋葵,[秋葵],"[小葱,大蒜,辣椒,酱油,盐,白糖,醋,花生油]",拌,酸辣味,新手尝试,5
564,拌豆腐皮海带丝,"[海带,豆腐]","[辣椒,大蒜,醋,白糖,酱油,盐]",拌,家常味,新手尝试,10
565,豆芽炒韭菜,"[黄豆芽,韭菜]","[盐,胡椒粉,生姜,酱油,大蒜,花生油]",炒,家常味,未知,5
566,排骨炖粉条,"[排骨,粉条]","[花生油,生姜,八角,酱油,蚝油,盐,白糖]",炖,家常味,未知,60
567,小鸡炒土豆,"[鸡肉,土豆]","[盐,花生油,小葱,花椒,八角,大蒜]",炒,家常味,初中水平,30
568,酱烧桂鱼,[桂鱼],"[花生油,盐,酱油,豆瓣酱,料酒,大葱,生姜]",烧,酱香味,中级掌勺,15
569,豆豉炒扇贝,"[扇贝,豆豉]","[花生油,蚝油,酱油,小葱,白糖,盐,生姜,酒酿]",炒,咸鲜味,初级入门,10
570,酸菜鱼,"[草鱼,酸菜]","[香菜,花生油,料酒,大蒜,大葱,生姜,盐,干辣椒,花椒,辣椒,胡椒粉,淀粉]",烧,酸辣味,新手尝试,30
571,洋葱炒牛肉片,"[牛肉,洋葱]","[小葱,花生油,青椒,盐,白糖,酱油,胡椒粉,料酒,淀粉]",炒,黑椒味,初级入门,30
572,清炒小白虾,[虾仁],"[生姜,盐,小葱,鸡精,花生油]",炒,咸鲜味,未知,10
573,章鱼焖豆腐,"[章鱼,豆腐]","[花生油,盐,酱油,生姜,大蒜,小葱,料酒]",煮,咸鲜味,新手尝试,10
574,藜麦火鸡肉酿辣椒,"[鸡肉,辣椒]","[奶酪,洋葱,西红柿,大蒜,花生油,胡椒粉,盐,豆瓣酱,西芹]",烤,黑椒味,初中水平,60
575,土豆炒肉丝,"[土豆,猪肉]","[青椒,料酒,淀粉,大蒜,生姜,花生油,盐,鸡精,酱油]",炒,家常味,未知,10
576,香椿拌豆腐,"[豆腐,香椿]","[盐,花生油,白糖,酱油]",汆,家常味,初级入门,5
577,酱香章鱼,[章鱼],"[花生油,豆瓣酱,盐,孜然,胡椒粉,料酒,生姜,酱油]",炒,酱香味,新手尝试,10
578,炒鸡块,[鸡肉],"[生姜,酒酿,酱油,小葱,黑芝麻,白糖,盐,花生油]",炒,咸鲜味,初级入门,30
579,肉松面包卷,"[小麦面粉,鸡蛋]","[芝麻,小葱,盐,黄油,白糖,牛奶]",烘焙,其它口味,初级入门,30
580,辣椒香菇炒肉,"[辣椒,香菇,猪肉]","[花生油,芹菜,小葱,酱油,盐,鸡精]",炒,咸鲜味,初级入门,10
581,辣子鸡,[鸡肉],"[花生油,干辣椒,花生,花椒,生姜,大蒜,辣椒,白糖,盐,鸡精,辣椒油,料酒,大葱]",爆炒,麻辣味,初级入门,10
582,芹菜炒肉丝,"[猪肉,芹菜]","[花生油,小葱,生姜,酱油,料酒,盐,白糖,蚝油,淀粉,大蒜,鸡精]",炒,家常味,新手尝试,15
583,家常炖鱼,[青鱼],"[花生油,大葱,盐,小葱,生姜,大蒜,八角,花椒,酱油,醋,白糖,桂皮]",炖,家常味,新手尝试,30
584,家庭版烤鱼,[鲈鱼],"[花生油,西葫芦,金针菇,豆腐,黑木耳,小葱,辣椒粉,孜然,胡椒粉,豆瓣酱,生姜,大蒜,洋葱,辣椒,酱油,料酒]",烤,香辣味,未知,60
585,豆豉干煸泥鳅,"[泥鳅,豆豉]","[花生油,盐,辣椒,花椒,小葱]",干煸,麻辣味,未知,30
586,回锅肉,"[猪肉,豆腐]","[辣椒,大蒜,生姜,料酒,豆瓣酱,白糖,鸡精,花生油,大葱,洋葱]",炒,香辣味,高级厨师,5
587,凉拌绿豆芽,[绿豆芽],"[花生油,香菜,盐,酱油,醋,白糖,大葱,大蒜,辣椒油]",拌,家常味,初级入门,5
588,西红柿炖牛肉,"[牛肉,西红柿]","[生姜,桂皮,花椒,八角,盐,花生油,大葱,香叶,大蒜,酱油,鸡精]",炖,家常味,新手尝试,2
589,小鸡炖香菇,"[鸡肉,香菇]","[酱油,八角,香叶,盐,生姜,胡椒粉]",炖,咸鲜味,未知,90
590,烧鸡翅根,[鸡翅],"[花生油,蚝油,酱油,番茄酱,料酒,盐]",烧,家常味,初级入门,15
591,鱼香肉丝,"[猪肉,黑木耳,胡萝卜]","[盐,淀粉,泡椒,白糖,蚝油,鸡精,醋,料酒,酱油,花生油,生姜,大蒜]",炒,酸甜味,初中水平,15
592,红烧明太鱼,[青鱼],"[花生油,盐,小葱,酱油,料酒,生姜,辣椒,花椒,八角,香叶,白糖,大蒜,蚝油]",烧,家常味,未知,30
593,黄瓜黑木耳炒鸡蛋,"[黄瓜,黑木耳,鸡蛋]","[花生油,胡萝卜,盐]",炒,家常味,新手尝试,10
594,秘制无油红烧肉,[猪肉],"[八角,淀粉,盐,小葱,大蒜,桂皮,生姜,料酒,冰糖,大葱,酱油]",烧,酱香味,中级掌勺,60
595,大蒜油鲈鱼,"[鲈鱼,大蒜]","[花生油,盐,蚝油,酱油]",蒸,大蒜香味,新手尝试,15
596,油菜海带豆腐丝,"[油菜,豆腐,海带]","[花生油,盐,蚝油,小葱]",炒,家常味,新手尝试,10
597,茄汁拌面,[面条],"[盐,胡萝卜,西红柿,辣椒,洋葱,料酒,酱油,生姜,孜然,八角,香叶,干辣椒,豆瓣酱]",炒,酸辣味,新手尝试,15
598,香菇皮蛋猪肉粥,"[大米,香菇,猪肉]","[盐,鸡精,花生油,料酒,白糖]",煮,咸鲜味,未知,30
599,拍黄瓜,[黄瓜],"[大蒜,花生油,盐,白糖,味精,醋]",拌,咸鲜味,初级入门,5
600,炸肉酱,[猪肉],"[花生油,辣椒,盐,小葱,生姜,大蒜,料酒,白糖]",炒,酱香味,初级入门,5
601,洋葱炒肉,"[洋葱,猪肉]","[盐,酱油,胡萝卜,蚝油,花生油,辣椒酱,料酒,鸡精]",炒,大蒜香味,未知,15
602,匈牙利牛肉汤,[牛肉],"[花生油,土豆,口蘑,西红柿,洋葱,辣椒,香叶,干辣椒,白豆蔻,胡椒粉,大蒜,盐,番茄酱,八角,茴香]",煨,酸甜味,中级掌勺,90
603,麻婆豆腐,[豆腐],"[花生油,猪肉,淀粉,豆瓣酱,大葱,盐,花椒,胡椒粉,料酒,生姜,小葱,白糖,酱油]",炒,麻辣味,初中水平,30
604,马兰头拌豆干,"[马兰头,豆腐干]","[花生油,胡萝卜,盐,鸡精,白糖]",炒,家常味,初中水平,15
605,韭菜炒鸡蛋,"[韭菜,鸡蛋]","[盐,花生油,小葱,鸡精]",炒,咸鲜味,新手尝试,5
606,豆豉炒白菜片黑木耳,"[白菜,黑木耳,豆豉]","[料酒,醋,酱油,盐,鸡精,生姜,花生油]",炒,家常味,未知,30
607,干锅油面筋,[面筋],"[黑木耳,胡萝卜,青椒,鹌鹑蛋,生姜,白糖,盐,鸡精,八角,花生油,酱油,料酒]",煮,咸鲜味,未知,15
608,青椒玉米,"[青椒,玉米]","[花生油,生姜,小葱,大蒜,盐,鸡精]",炒,家常味,新手尝试,10
609,酱香豆腐炒肉,"[豆腐,猪肉]","[盐,花生油,辣椒,酱油,味精]",炒,酱香味,初级入门,15
610,芝麻肉松,"[猪肉,芝麻]","[花生油,酱油,蚝油,盐,小葱,白糖,鸡精,料酒]",烘焙,家常味,新手尝试,60
611,苦瓜回锅肉,"[猪肉,苦瓜]","[花生油,生姜,大蒜,青椒,白糖,盐,料酒,豆瓣酱,辣椒酱,腐乳,酱油,蚝油]",炒,咸鲜味,初中水平,15
612,肉炒蒜薹,"[蒜薹,猪肉]","[花生油,盐,酱油,淀粉]",炒,家常味,新手尝试,10
613,无油可乐鸡翅,"[鸡翅,可乐]","[花生油,大葱,生姜,盐,八角,花椒,香叶,桂皮,大蒜,干辣椒]",炖,咸鲜味,初级入门,30
614,肉丝炒洋葱,"[猪肉,洋葱]","[花生油,胡萝卜,酱油,盐,鸡精]",炒,家常味,初中水平,5
615,义式口水鸡,[鸡肉],"[花生油,盐,白糖,醋,辣椒油,黑芝麻,花生,料酒,生姜,大葱,大蒜,花椒]",煮,香辣味,新手尝试,30
616,酱卤牛窝骨,[牛排],"[花生油,干辣椒,鸡精,花椒,生姜,白糖,酱油,蚝油,料酒,盐,八角,香叶,桂皮]",煮,香辣味,未知,45
617,红烧肉,[猪肉],"[花生油,盐,酱油,大蒜,生姜,小葱,料酒,冰糖,淀粉,八角,桂皮,大葱]",烧,其它口味,初中水平,2
618,排骨蒸豆腐,"[排骨,豆腐]","[豆豉,辣椒,盐,小葱,大蒜,酱油,生姜]",蒸,咸鲜味,未知,30
619,鱼香茄子,[茄子],"[花生油,辣椒,豆瓣酱,酱油,生姜,大蒜,白糖,醋,盐,淀粉]",炒,鱼香味,新手尝试,10
620,土豆排骨,"[排骨,土豆]","[花生油,八角,鸡精,冰糖,料酒,香叶,茴香,生姜,洋葱,盐,豆瓣酱,五香粉,蚝油]",炒,咸鲜味,未知,30
621,京酱肉丝,"[猪肉,黄瓜]","[大葱,豆腐皮,豆瓣酱,生姜,花生油,盐,料酒,淀粉,酱油,白糖]",炒,酱香味,新手尝试,30
622,蜜汁黑椒鸡翅根,[鸡翅],"[花生油,生姜,大蒜,八角,胡椒粉,盐,酱油,蜂蜜]",烤,咸鲜味,初级入门,30
623,辣子鸡,[鸡肉],"[花生油,花生,大葱,干辣椒,生姜,大蒜,花椒,辣椒,鸡精,盐,料酒,白糖]",爆炒,香辣味,未知,30
624,腌渍荞头,[荞头],"[辣椒,生姜,酱油,白糖,盐,醋]",腌,咸鲜味,初中水平,15
625,兔肉炒韭菜,"[兔肉,韭菜]","[花生油,盐,酱油,小葱]",炒,咸鲜味,初级入门,10
626,芹菜炒虾仁,"[虾仁,西芹]","[花生油,盐,胡椒粉,酱油,料酒,辣椒]",炒,家常味,中级掌勺,10
627,火腿香菇蒸鸡,"[火腿,香菇,鸡肉]","[花生油,小葱,生姜,盐,白糖,料酒]",蒸,家常味,新手尝试,30
628,生煎馒头,[小麦面粉],"[小葱,猪肉,芝麻,生姜,五香粉,白糖,料酒,酱油,蚝油,盐,花生油]",煎,五香味,中级掌勺,90
629,懒人猪肉饭,"[大米,猪肉]","[花生油,香菇,胡萝卜,洋葱,盐,酱油,料酒,豆瓣酱]",煮,家常味,初级入门,30
630,少油地三鲜,"[土豆,茄子,青椒]","[盐,酱油,白糖,花生油,淀粉,大蒜,小葱,料酒,蚝油,生姜,大蒜]",烤,家常味,初级入门,10
631,荠菜肉丝炒年糕,"[猪肉,荠菜,年糕]","[花生油,盐,料酒,酱油]",炒,家常味,初级入门,15
632,排骨炖黄豆海带,"[排骨,海带,黄豆]","[花生油,盐,料酒,洋葱,红糖,大蒜,生姜,酱油,八角,桂皮,香菜]",炖,咸鲜味,初中水平,15
633,青椒榨菜炒肉丝,"[猪肉,榨菜,青椒]","[酱油,盐,白糖,淀粉,胡椒粉,大蒜,生姜,花生油]",炒,咸鲜味,初中水平,10
634,青椒黑木耳炒虾仁,"[青椒,黑木耳,虾仁]","[花生油,盐,酱油,淀粉,小葱]",炒,家常味,新手尝试,10
635,娃娃菜炒肉片,"[娃娃菜,猪肉]","[大蒜,辣椒,酱油,料酒,淀粉,盐,花生油]",炒,家常味,未知,15
636,四喜丸子,"[小麦面粉,香菇,黑木耳,海带]","[冰糖,酱油,花生油,盐,腰果,大蒜]",煮,甜味,新手尝试,30
637,辣椒土豆片,"[土豆,辣椒]","[花生油,酱油,盐,鸡精,五香粉,香菜,小葱]",炒,家常味,新手尝试,10
638,芹菜炒肉,"[猪肉,芹菜]","[料酒,白糖,蚝油,大蒜,鸡精,盐,生姜,酱油,花生油,淀粉,大葱]",炒,家常味,未知,10
639,腐乳蒸鸡,"[鸡肉,腐乳]","[花生油,金针菇,小葱,酱油,盐,白糖,生姜,辣椒]",蒸,其它口味,未知,60
640,大蒜泥白肉,"[猪肉,大蒜]","[花生油,黄瓜,盐,辣椒油,酱油,白糖,蚝油,醋,大葱,生姜]",拌,香辣味,新手尝试,15
641,蚂蚁上树,"[猪肉,粉丝]","[大蒜,小葱,料酒,酱油,盐,胡椒粉,豆瓣酱,花生油]",煮,家常味,新手尝试,10
642,锅塌豆腐,[豆腐],"[花生油,鸡蛋,小葱,胡萝卜,味精,淀粉,盐]",烧,家常味,新手尝试,10
643,香菇油菜,"[毛豆,油菜]","[酱油,蚝油,花生油,鸡精,盐,小葱,生姜,干辣椒]",炒,家常味,新手尝试,10
644,美味红烧肉,[猪肉],"[花生油,花椒,小葱,生姜,大蒜,八角,盐,料酒,桂皮,冰糖,酱油,大葱]",烧,家常味,未知,30
645,干煸有机花菜,[菜花],"[花生油,辣椒,盐,猪肉,酱油,白糖,生姜,豆瓣酱]",干煸,香辣味,初中水平,15
646,京酱肉丝,"[猪肉,黄瓜]","[花生油,白糖,豆腐皮,大葱,料酒,酱油,盐,豆瓣酱,淀粉]",炒,甜味,未知,30
647,香芋蒸排骨,"[排骨,魔芋]","[盐,胡椒粉,鸡精,豆豉,淀粉,料酒,小葱,生姜,大蒜]",蒸,家常味,新手尝试,2
648,手擀面,[小麦面粉],"[盐,西红柿,香菜,胡椒粉,生姜,酱油,大蒜]",煮,酸甜味,未知,10
649,香菇油菜,"[毛豆,油菜]","[酱油,蚝油,花生油,盐,鸡精,小葱,生姜,干辣椒]",炒,家常味,新手尝试,10
650,地三鲜,"[茄子,土豆,青椒]","[大蒜,小葱,淀粉,盐,花生油,料酒,白糖,醋,蚝油,酱油,花椒,生姜]",烤,家常味,新手尝试,10
651,韩式烤肉烧饭,"[大米,猪肉]","[大蒜,胡萝卜,鸡蛋,胡椒,大葱,盐,白糖,酱油,料酒,花生油]",炒,蒜香味,未知,30
652,脆皮蜂蜜酱油烤鸡,"[鸡肉,蜂蜜,酱油]","[花生油,料酒,蚝油,大蒜,盐,五香粉,胡椒]",烤,咸鲜味,未知,25
653,肉炒杏鲍菇盖饭,"[杏鲍菇,猪肉,大米]","[花生油,胡萝卜,大葱,生姜,大蒜,料酒,酱油,盐,味精,淀粉]",炒,家常味,未知,30
654,川味回锅肉,"[猪肉,豆腐]","[豆瓣酱,花生油,盐,大蒜,生姜,大葱,料酒,白糖,辣椒,洋葱]",炒,家常味,初中水平,5
655,东坡肉,[猪肉],"[花生油,料酒,生姜,大葱,淀粉,八角,桂皮,盐,酱油,冰糖,小葱]",烧,酱香味,初中水平,2
656,蒸花卷,[小麦面粉],"[小葱,花生油,盐,苏打粉,白糖]",蒸,家常味,未知,30
657,渍菜粉,"[猪肉,红薯]","[盐,白糖,花生油,大葱,生姜,大蒜,干辣椒,料酒,酱油]",炒,酸味,未知,30
658,沙葛炖五花肉,"[猪肉,凉薯]","[花生油,盐,蒜苗,大蒜,生姜,香叶,花椒,八角,料酒,蚝油,香菇]",炖,咸鲜味,初级入门,60
659,肉末烤茄子,"[茄子,猪肉]","[盐,酱油,大蒜,蚝油,料酒,小葱,花生油,胡椒粉,辣椒粉]",烤,香辣味,中级掌勺,30
660,蚂蚁上树,"[粉丝,猪肉]","[花生油,盐,豆瓣酱,大蒜,酱油,胡椒粉,鸡精,大葱]",煮,香辣味,新手尝试,5
661,梅干菜烧肉,"[梅干菜,猪肉]","[料酒,盐,花生油,生姜,冰糖,酱油,醋,豆瓣酱]",烧,家常味,初级入门,30
662,红烧土豆排骨,"[排骨,土豆]","[花生油,酱油,白糖,八角,桂皮,香叶,盐,大葱,生姜]",烧,酱香味,未知,90
663,农家小炒肉,"[猪肉,青椒]","[大蒜,酱油,盐,淀粉,花生油,白糖]",炒,咸鲜味,初级入门,10
664,麻婆豆腐,[豆腐],"[猪肉,花生油,豆瓣酱,大蒜,盐,花椒,料酒,生姜,大葱,白糖,酱油,辣椒,淀粉]",炒,麻辣味,初中水平,30
665,酸菜鱼,"[草鱼,酸菜]","[香菜,大葱,生姜,大蒜,料酒,盐,干辣椒,花椒,辣椒,胡椒粉,淀粉,花生油]",烧,酸辣味,高级厨师,30
666,四喜丸子,[猪肉],"[花生油,盐,白糖,鸡精,胡椒粉,酱油,料酒,淀粉,大葱,生姜]",炸,咸鲜味,初级入门,30
667,麻婆豆腐,[豆腐],"[花生油,猪肉,豆瓣酱,白糖,盐,酱油,花椒,淀粉,生姜,大蒜,大葱,辣椒]",炒,香辣味,初级入门,15
668,菜花炒肉,"[菜花,猪肉]","[花生油,鸡精,酱油,盐,大蒜,五香粉]",炒,家常味,未知,15
669,干锅腊肉茶树菇,"[茶树菇,腊肉]","[大葱,辣椒,生姜,洋葱,大蒜,酱油,料酒,白糖,豆瓣酱,辣椒酱,鸡精]",炒,香辣味,未知,60
670,夫妻肺片,"[牛肉,猪舌头,牛肚]","[花生油,盐,花椒,生姜,大葱,酱油,鸡精,芹菜,辣椒]",拌,香辣味,初级入门,30
671,清蒸红烧肉,[猪肉],"[花生油,料酒,酱油,蚝油,豆豉,白糖,盐]",蒸,家常味,未知,30
672,西蓝花炒虾仁,"[虾仁,西兰花]","[大蒜,生姜,大葱,花生油,盐,胡椒粉,蚝油,料酒]",炒,家常味,初级入门,5
673,番茄炒蛋,"[西红柿,鸡蛋]","[花生油,盐,料酒,鸡精,白糖,生姜,大蒜,大葱]",烤,酸甜味,初级入门,5
674,家常炒豆腐,[豆腐],"[干辣椒,辣椒,淀粉,大蒜,花椒,豆瓣酱,料酒,鸡精,味精]",炒,香辣味,未知,10
675,三杯鸡,[鸡肉],"[辣椒,大葱,料酒,花生油,酱油,冰糖,盐,大蒜,生姜]",烧,家常味,中级掌勺,30
676,家常炒面,[面条],"[大蒜,火腿,油菜,胡萝卜,盐,蚝油,花生油]",炒,家常味,新手尝试,10
677,酱汁牛肉,[牛肉],"[花生油,平菇,蚝油,小葱,大蒜,盐,酱油]",炒,家常味,初级入门,10
678,青椒炒平菇,"[平菇,青椒]","[花生油,胡萝卜,盐,五香粉,鸡精,白糖]",炒,家常味,未知,15
679,秘制红烧肉,[猪肉],"[花生油,冰糖,大葱,盐,淀粉,八角,生姜,大蒜,八角,小葱,料酒,酱油]",烧,家常味,未知,60
680,家常笋丁烧小黄鱼,"[小黄鱼,春笋]","[豌豆,胡椒粉,盐,豆瓣酱,胡萝卜,大葱,生姜,大蒜,八角,料酒,醋,酱油]",烧,咸鲜味,未知,30
681,秘制肥牛饭,"[牛肉,大米]","[鸡蛋,西兰花,胡萝卜,花生油,盐,料酒,酱油,蚝油,白糖,胡椒粉,洋葱,淀粉]",焖,酱香味,中级掌勺,30
682,酸辣土豆丝,[土豆],"[洋葱,胡萝卜,醋,酱油,盐,花生油,干辣椒]",炒,咸鲜味,新手尝试,5
683,青椒肉片,"[青椒,猪肉]","[花生油,料酒,酱油,大蒜,豆豉,盐,蚝油]",炒,家常味,新手尝试,10
684,猪肉小白菜饺子,"[小麦面粉,猪肉,小白菜]","[盐,料酒,酱油,生姜]",煮,咸鲜味,初级入门,15
685,水煮肉片,[猪肉],"[花生油,黄豆芽,大葱,盐,小葱,淀粉,大蒜,干辣椒,豆瓣酱,酱油,鸡精,料酒,花椒,白糖]",煮,麻辣味,中级掌勺,30
686,韭菜鸡蛋馄饨,"[小麦面粉,韭菜,鸡蛋]","[大葱,香菜,生姜,盐,胡椒粉,鸡精,花生油,酱油]",煮,家常味,新手尝试,10
687,水煮肉片,[猪肉],"[花生油,黄豆芽,淀粉,白糖,盐,料酒,大葱,干辣椒,大蒜,豆瓣酱,花椒,酱油,鸡精,辣椒油]",煮,麻辣味,初级入门,10
688,素三丁,"[苦瓜,胡萝卜,洋葱]","[花生油,盐,味精,醋,大葱,淀粉]",炒,家常味,初级入门,15
689,肉炒鸡蛋青椒,"[猪肉,鸡蛋,青椒]","[花生油,盐,酱油,胡椒粉,味精]",炒,咸鲜味,未知,10
690,辣子鸡,[鸡肉],"[花生油,辣椒,花生,干辣椒,料酒,酱油,大蒜,大葱,鸡精,生姜,花椒,香叶,盐]",爆炒,香辣味,未知,30
691,水煮肉片,[猪肉],"[花生油,盐,生姜,料酒,黄豆芽,大葱,淀粉,干辣椒,大蒜,豆瓣酱,花椒,大蒜,酱油,鸡精]",煮,香辣味,初级入门,30
692,小鸡炖蘑菇,"[鸡肉,香菇]","[料酒,酱油,桂皮,冰糖,大葱,八角,盐,花生油,花椒,大蒜,生姜]",炖,家常味,初级入门,30
693,红烧鱼,[鲈鱼],"[豆瓣酱,生姜,大葱,酱油,白糖,八角,盐,淀粉,花生油,大蒜,料酒]",烧,家常味,未知,30
694,红烧冬瓜,[冬瓜],"[花生油,盐,酱油,胡椒粉,味精]",烧,家常味,未知,15
695,鲜嫩多汁,[羊肉],"[花椒,大葱,生姜,大蒜,花生油,黑芝麻,香菜,茴香,八角,白糖,孜然,盐,胡椒,酱油]",炒,咸鲜味,未知,15
696,红烧肉,[猪肉],"[盐,桂皮,花椒,淀粉,白糖,酱油,料酒,大葱,生姜,八角,花生油,大蒜]",烧,其它口味,初级入门,30
697,芋头蒸排骨,"[芋头,排骨]","[花生油,生姜,大蒜,料酒,酱油,蚝油,盐,胡椒粉,白糖,淀粉]",蒸,家常味,未知,30
698,红烧鸡翅,[鸡翅],"[酱油,花生油,盐,芝麻,蚝油,白糖,料酒,大葱,生姜,干辣椒,大蒜]",红烧,家常味,新手尝试,30
699,菠萝咕噜肉,"[菠萝,猪肉]","[花生油,辣椒,淀粉,酱油,盐,鸡蛋,大蒜,料酒]",炒,甜味,未知,15
700,麻婆豆腐,[豆腐],"[花生油,猪肉,味精,辣椒,大蒜,白糖,酱油,大葱,盐,淀粉,花椒,生姜,豆瓣酱]",炒,麻辣味,新手尝试,15
701,素京酱肉丝,[平菇],"[花生油,芝麻,盐,番茄酱,蚝油,白糖,生姜]",炒,家常味,新手尝试,15
702,西兰花肉末,"[猪肉,西兰花]","[蚝油,辣椒,酱油,小麦面粉,鸡精,盐,花生油]",烧,咸鲜味,初级入门,10
703,白萝卜炒鸡蛋,"[白萝卜,鸡蛋]","[小葱,盐,胡椒粉,花生油]",炒,咸鲜味,未知,10
704,红烧肉,[猪肉],"[酱油,盐,冰糖,料酒,花生油,生姜,淀粉,八角,桂皮,大葱,小葱,大蒜]",烧,家常味,初级入门,60
705,辣白菜青椒炒猪肝,"[猪肝,青椒,小白菜]","[花生油,料酒,酱油,生姜,胡椒粉,盐,白糖,洋葱,大蒜]",炒,酸辣味,新手尝试,10
706,杂蔬煲仔饭,"[胡萝卜,大米,土豆,白扁豆,海带,榨菜,豆腐干]","[花生油,八角,盐,胡椒粉,酱油,蚝油,大蒜,生姜,大葱]",焖,咸鲜味,初级入门,30
707,软糯红烧肉煲,[猪肉],"[花生油,酱油,白糖,生姜,大蒜,大葱,盐,淀粉,八角,桂皮,冰糖,小葱]",烧,家常味,新手尝试,60
708,酸菜鱼,"[草鱼,酸菜]","[大葱,鸡精,辣椒,料酒,香菜,生姜,大蒜,盐,干辣椒,花椒,淀粉,花生油]",烧,酸辣味,初中水平,30
709,湘南红烧肉,[猪肉],"[花生油,冰糖,料酒,八角,生姜,大蒜,大葱,小葱,盐,酱油,淀粉,桂皮]",烧,香辣味,初中水平,15
710,家庭卤味,"[猪舌,猪肉,鸡蛋]","[花生油,大蒜,酱油,盐,鸡精,蚝油,冰糖]",煮,家常味,未知,30
711,猪肉白菜大包子,"[猪肉,白菜,小麦面粉]","[料酒,酱油,盐,大葱,生姜,花生油]",蒸,家常味,未知,30
712,东北干豆腐卷,"[猪肉,豆腐皮]","[花生油,淀粉,鸡蛋,生姜,大蒜,盐,白糖]",蒸,咸鲜味,初中水平,30
713,萝卜干煎蛋,"[胡萝卜,鸡蛋]","[盐,辣椒粉,花生油,大蒜]",煎,香辣味,初级入门,15
714,腌萝卜,[胡萝卜],"[酱油,醋,盐,白糖,蜂蜜,辣椒]",腌,酸甜味,未知,15
715,盐焗鸡,"[鸡肉,盐]","[生姜,小葱,料酒,花椒,香叶,八角,酱油,花生油,胡椒粉]",焗,葱香味,未知,60
716,凉拌海蜇丝,[海蜇],"[酱油,花生油,黑木耳,黄瓜,大蒜,白糖,小葱,香菜,辣椒,辣椒油,醋]",拌,咸鲜味,初级入门,15
717,洋葱青椒绿豆芽,"[洋葱,青椒,绿豆芽]","[花生油,盐,花椒,醋]",炒,家常味,新手尝试,5
718,电饭煲腊味煲仔饭,"[腊肉,大米]","[花生油,菜心,盐,酱油,料酒,蚝油,大葱,生姜,大蒜,辣椒]",煲,酱香味,初级入门,30
719,五味脯汤,"[豆腐,金针菇]","[大葱,陈皮,花椒,豆豉,盐,鸡精]",炖,咸鲜味,未知,60
720,鱼香火腿茄子条,"[茄子,火腿]","[花生油,盐,酱油,醋,白糖,蚝油,大蒜,辣椒,小麦面粉]",炒,鱼香味,中级掌勺,30
721,菠菜拌粉丝,"[菠菜,粉丝]","[干辣椒,虾皮,盐,醋,大蒜,酱油,白糖,大葱,花生油]",拌,酸辣味,初级入门,10
722,红烧肉闷芋头,"[猪肉,芋头]","[盐,醋,冰糖,丁香,花椒,八角,香叶,草果,桂皮,山楂,生姜,酱油]",煮,家常味,新手尝试,30
723,冬至素三鲜水饺,"[韭菜,鸡蛋,虾皮,小麦面粉]","[盐,鸡精,花生油]",煮,家常味,未知,10
724,苹果鸡翅,"[鸡翅,苹果]","[盐,生姜,酱油,番茄酱,花生油,白糖,醋]",烧,酸甜味,初中水平,30
725,鲅鱼炖豆腐,"[鲅鱼,豆腐]","[花生油,蚝油,白菜,洋葱,柠檬,大蒜,酱油,料酒,盐]",炖,咸鲜味,未知,10
726,干锅花菜,[花菜],"[花生油,猪肉,盐,干辣椒,花椒,小葱,大蒜,豆瓣酱,酱油,蚝油,白糖]",炒,香辣味,初级入门,5
727,鸡肉蒸荷包蛋,"[鸡蛋,鸡肉]","[花生油,盐,酱油,生姜,小葱]",蒸,咸鲜味,初中水平,10
728,素炒西红柿,[西红柿],"[花生油,卷心菜,盐,味精,白糖,大葱]",炒,家常味,初级入门,10
729,洋芋花,[土豆],"[花生油,酱油,孜然,辣椒粉,花椒,盐,大蒜,香菜]",炒,家常味,新手尝试,5
730,羊排炖白菜,"[羊肉,白菜]","[花生油,粉条,盐,香叶,胡椒粉,椒盐,料酒,大葱,香菜,干辣椒,花椒]",炖,其它口味,未知,90
731,五花肉葱油拌面,"[小葱,面条,猪肉]","[豆腐,花生油,酱油,盐,鸡精]",烧,咸鲜味,初级入门,10
732,豉香芋头蒸排骨,"[排骨,芋头,豆豉]","[盐,鸡精,生姜,大蒜,酱油,小麦面粉]",蒸,咸鲜味,初中水平,30
733,爆炒腰花,[猪腰],"[花生油,醋,生姜,辣椒,淀粉,白糖,盐,料酒,鸡精,大葱,大蒜]",炒,香辣味,未知,15
734,生菜拌鸡蛋,"[鸡蛋,生菜]","[大蒜,辣椒,芝麻,酱油,醋,盐,花生油]",炒,家常味,未知,10
735,锅包肉,[猪肉],"[黄瓜,醋,大葱,生姜,料酒,大蒜,酱油,淀粉,白糖,盐,花生油]",炸,酸甜味,初中水平,5
736,鱼香肉丝,"[猪肉,黑木耳,胡萝卜]","[白糖,泡椒,花生油,盐,生姜,大葱,大蒜,蚝油,鸡精,醋,酱油,料酒,淀粉]",炒,鱼香味,初级入门,10
737,麻辣水煮鱼,[草鱼],"[盐,黄豆芽,干辣椒,花椒,花生油,生姜,大蒜,大葱,淀粉,料酒,胡椒粉,辣椒粉,香菜]",煮,麻辣味,初中水平,30
738,酱爆蒜香牛肚,"[牛肚,蒜苗]","[料酒,豆瓣酱,盐,白糖,酱油,花生油,生姜]",炒,酱香味,新手尝试,5
739,芋头烧鸭腿,"[芋头,鸭腿]","[花生油,盐,酱油,醋,冰糖,八角,山楂,生姜,小葱]",炖,家常味,新手尝试,30
740,豆瓣鲳鱼,[鲳鱼],"[花生油,豆瓣酱,盐,白糖,味精,料酒,大葱,生姜,大蒜,醋,酱油]",烧,家常味,初级入门,15
741,苦瓜炒牛肉,"[苦瓜,牛肉]","[花生油,盐,大蒜,生姜,胡椒粉,淀粉,酱油,料酒]",炒,苦香味,初中水平,10
742,糖醋小白菜,[小白菜],"[花生油,盐,味精,白糖,酱油,醋,生姜,辣椒,淀粉]",炒,酸甜味,初级入门,15
743,紫甘蓝炒西兰花,"[紫甘蓝,西兰花]","[盐,蚝油,花生油,鸡精]",炒,家常味,初级入门,15
744,豆芽拌芹菜,"[水芹菜,黄豆芽]","[盐,鸡精,生姜,花生油]",拌,家常味,未知,15
745,香酥牛肉松,[牛肉],"[盐,大葱,生姜,酱油,芝麻,花生油,白糖]",其它工艺,咸鲜味,初中水平,2
746,猪血豆腐菜心,"[豆腐,猪血,菜心]","[花生油,盐,大葱,干辣椒,大蒜]",煮,家常味,未知,10
747,黄瓜拌莴笋干,"[黄瓜,莴笋]","[盐,白糖,鸡精,酱油,蚝油,醋,花生油,辣椒油]",拌,咸鲜味,未知,15
748,酸菜炖粉丝,"[粉丝,酸菜]","[花生油,猪肉,盐,酱油,味精,大葱,生姜]",炖,家常味,初级入门,15
749,八宝豆腐箱,"[豆腐,牛肉,豌豆,杏鲍菇,胡萝卜,土豆,西兰花]","[大葱,大蒜,生姜,盐,酱油,蚝油,淀粉,枸杞子,花生油]",烧,家常味,初级入门,10
750,干锅鸭,[鸭肉],"[花生油,豆腐干,盐,生姜,辣椒,八角,花椒,香叶]",炒,香辣味,中级掌勺,60
751,煎胡萝卜酿肉,"[胡萝卜,猪肉]","[盐,小麦面粉,花生油,酱油,大葱]",煎,葱香味,初级入门,15
752,油豆角焖排骨,"[排骨,扁豆]","[干辣椒,八角,香叶,生姜,小葱,冰糖,酱油,椒盐,鸡精,花生油,料酒]",焖,咸鲜味,初中水平,60
753,韭菜鸡蛋水饺,"[小麦面粉,韭菜,鸡蛋]","[花生油,粉条,盐,鸡精]",煮,家常味,初级入门,60
754,白萝卜酿肉,"[白萝卜,猪肉]","[花生油,淀粉,枸杞子,小葱,酱油,料酒,蚝油,胡椒粉,盐]",蒸,家常味,初级入门,30
755,猪肉芹菜水饺,"[芹菜,猪肉,小麦面粉]","[花生油,盐,酱油,小葱,生姜,鸡精,料酒,五香粉]",煮,家常味,初级入门,30
756,牛肉炖萝卜土豆,"[牛肉,白萝卜,胡萝卜,土豆]","[花生油,大葱,生姜,八角,香菜,盐,鸡精,酱油,料酒]",炖,家常味,初级入门,30
757,水煮牛肉,[牛肉],"[花椒,花生油,生菜,料酒,盐,豆瓣酱,生姜,大葱,鸡精,白糖,大蒜,香菜,淀粉,胡椒粉]",煮,香辣味,厨神级,15
758,凉拌黄豆芽,[黄豆芽],"[花生油,盐,鸡精,酱油,白糖,小葱]",炒,家常味,新手尝试,10
759,自制肉丸冬瓜汤,"[猪肉,冬瓜]","[小葱,鸡蛋,生姜,枸杞子,酱油,盐,白糖,小麦面粉,花生油]",煮,家常味,初中水平,15
760,豆芽炒粉条,"[粉条,黄豆芽]","[花生油,盐,蚝油,酱油,青椒,生姜]",炒,咸鲜味,初级入门,10
761,油焖大虾,[虾],"[花生油,盐,蚝油,大葱,大蒜,生姜,白糖,料酒,八角,桂皮,花椒]",焖,家常味,初级入门,15
762,牛肉炖萝卜,"[牛肉,胡萝卜]","[花生油,盐,酱油,大葱,大蒜,生姜,八角,味精]",炖,家常味,未知,2
763,红烧鱼籽,[鱼籽],"[生姜,大葱,料酒,酱油,花椒,干辣椒,花生油,盐,淀粉]",烧,咸鲜味,初级入门,15
764,西红柿炒鸡蛋,"[西红柿,鸡蛋]","[花生油,盐,白糖,料酒,大蒜,大葱]",炒,酸甜味,初级入门,5
765,香辣羊肉,[羊肉],"[花生油,干辣椒,花椒,酱油,蚝油,料酒,白糖,大葱,盐,桂皮,香叶,生姜]",煮,香辣味,未知,90
766,红烧鸡骨架,[鸡肉],"[花生油,盐,料酒,酱油,大蒜,大葱,五香粉]",煮,咸鲜味,未知,30
767,番茄炒花菜,"[花菜,西红柿]","[花生油,白糖,盐,大蒜]",炒,酸甜味,未知,15
768,鱼香肉丝,"[猪肉,黑木耳,胡萝卜]","[白糖,盐,醋,酱油,蚝油,鸡精,料酒,大葱,生姜,大蒜,花生油,淀粉]",炒,酸甜味,初级入门,30
769,凉拌蒜香藤菜,"[木耳菜,大蒜]","[花生油,蚝油,盐,辣椒油,醋,酱油]",拌,蒜香味,初中水平,15
770,牛肉莲藕芹菜饺子,"[牛肉,芹菜,莲藕,小麦面粉]","[大葱,猪肉,大蒜,生姜,盐,酱油,蚝油,鸡精,胡椒粉]",蒸,家常味,初级入门,15
771,清蒸武昌鱼,[武昌鱼],"[花生油,大蒜,生姜,大葱,料酒,盐,酱油,醋,白糖,辣椒]",蒸,咸鲜味,中级掌勺,30
772,凉拌空心菜叶,[空心菜],"[盐,白糖,酱油,醋,辣椒,花生油,大蒜,干辣椒]",拌,家常味,新手尝试,5
773,蒜泥白肉,"[猪肉,大蒜]","[大葱,生姜,花生油,盐,酱油,蚝油]",煮,蒜香味,初级入门,10
774,圆椒炒鸡蛋,"[青椒,鸡蛋]","[大蒜,胡萝卜,花生油,盐,胡椒粉,生姜,酱油]",炒,家常味,未知,5
775,红烧鲫鱼,[鲫鱼],"[辣椒,白糖,胡椒粉,大葱,大蒜,蚝油,生姜,盐,鸡精,白糖,酱油,豆瓣酱,料酒]",烧,香辣味,未知,30
776,肉皮肉圆汤,"[猪皮,猪肉,火腿,香肠,排骨,鹌鹑蛋]","[大葱,豆腐,菜心,生姜,料酒,盐]",煮,咸鲜味,初级入门,30
777,宫保鸡丁,"[鸡肉,花生,黄瓜]","[花生油,大葱,生姜,花椒,盐,醋,白糖,料酒,淀粉,干辣椒]",炒,酸甜味,初中水平,30
778,酸菜鱼,"[草鱼,酸菜]","[大葱,花生油,料酒,生姜,大蒜,盐,花椒,淀粉,干辣椒,辣椒,胡椒粉]",烧,家常味,初中水平,15
779,蓑衣黄瓜,[黄瓜],"[大蒜,酱油,醋,盐,白糖,辣椒,花生,花生油]",腌,酸味,初级入门,5
780,鸡肉胡萝卜豌豆菠萝炒饭,"[鸡肉,菠萝,大米,胡萝卜,豌豆]","[料酒,胡椒粉,大葱,盐,花生油]",炒,酸甜味,未知,30
781,酱油炒鸡蛋,"[鸡蛋,酱油]","[花生油,盐,料酒,白糖,淀粉]",炒,咸鲜味,初级入门,5
782,蕨菜炒瘦肉,"[蕨菜,猪肉]","[盐,花生油,酱油,大蒜,辣椒]",炒,家常味,初级入门,5
783,辣椒炒鸡蛋,"[青椒,鸡蛋]","[花生油,酱油,盐,白糖,小葱]",炒,家常味,未知,10
784,剁椒藕丝,"[莲藕,辣椒]","[花生油,盐,鸡精,小葱]",炒,香辣味,初级入门,10
785,饺子皮咸蛋黄烧麦,"[咸鸭蛋,糯米,小麦面粉]","[盐,香菇,胡萝卜,玉米,腊肉,白糖,蚝油,酱油,花生油]",蒸,家常味,新手尝试,60
786,家常四季豆炒肉,"[四季豆,猪肉]","[花生油,盐,辣椒酱,辣椒油,红薯]",炒,咸鲜味,初级入门,10
787,麻油手撕鸡肉,[鸡肉],"[花生油,盐,辣椒,小葱,生姜,陈皮]",拌,麻辣味,中级掌勺,10
788,胡萝卜炒肉,"[猪肉,胡萝卜]","[大蒜,青椒,小葱,蚝油,酱油,料酒,五香粉,淀粉,醋,盐]",炒,咸鲜味,未知,15
789,火腿肉炒豆角末,"[扁豆,火腿]","[盐,辣椒,大蒜,蚝油,花生油]",炒,家常味,初中水平,5
790,脆炒莲藕,[莲藕],"[花生油,盐,酱油,辣椒,大葱,大蒜]",炒,咸鲜味,初级入门,10
791,清炒豆芽,[黄豆芽],"[花生油,大蒜,大葱,盐,蚝油,鸡精]",炒,咸鲜味,未知,5
792,韭黄炒鸡蛋,"[韭黄,鸡蛋]","[花生油,盐,酱油]",炒,家常味,初级入门,10
793,冰糖炖雪梨,"[香梨,冰糖]",[枸杞子],炖,甜味,新手尝试,60
794,韭菜炒鸡蛋,"[韭菜,鸡蛋]","[花生油,小葱,盐,鸡精]",炒,家常味,未知,5
795,凉拌黄瓜,[黄瓜],"[洋葱,辣椒油,黑木耳,酱油,醋,白糖,盐,辣椒,大蒜]",拌,咸鲜味,初级入门,10
796,酸菜鱼,"[草鱼,酸菜]","[花生油,盐,香菜,辣椒,生姜,白糖,大蒜,料酒,胡椒粉,淀粉,花椒,大葱,干辣椒]",烧,酸辣味,初级入门,10
797,茶叶蛋,"[鸡蛋,茶叶]","[八角,桂皮,香叶,花椒,酱油,盐]",煮,家常味,初中水平,90
798,鸡蛋菌菇虾仁,"[虾仁,鸡蛋,杏鲍菇]","[盐,鸡精,胡椒粉,洋葱,花生油,小葱]",炒,咸鲜味,初级入门,10
799,土豆胡萝卜炖牛腩,"[牛腩,土豆,胡萝卜]","[花生油,生姜,冰糖,酱油,蚝油,干辣椒,盐,八角,桂皮,草果]",炖,五香味,初级入门,2
800,糖醋里脊,[猪肉],"[花生油,盐,料酒,白糖,胡椒粉,醋,鸡蛋,芝麻,番茄酱,淀粉]",炸,酸甜味,未知,30
801,鱼香茄子,[茄子],"[花生油,盐,豆瓣酱,大蒜,醋,大葱,淀粉,辣椒,淀粉]",炒,家常味,高级厨师,15
802,芹菜炒肉丝,"[芹菜,猪肉]","[花生油,盐,白糖,蚝油,淀粉,大蒜,鸡精,生姜,料酒,酱油,小葱]",炒,家常味,未知,15
803,蚝油生菜,"[生菜,蚝油]","[花生油,盐,大蒜,酱油,淀粉,白糖,大葱,生姜]",炒,咸鲜味,初中水平,5
804,川味凉面,[面条],"[生姜,黄豆芽,海带,牛肉,大蒜,小葱,辣椒,酱油,醋,花生油,盐,鸡精]",拌,麻辣味,中级掌勺,15
805,香辣花蛤粉丝煲,"[毛蛤蜊,粉丝]","[小葱,大葱,辣椒,生姜,大蒜,豆瓣酱,花生油,酱油]",煲,咸鲜味,初级入门,10
806,猪肉油豆腐炖白菜粉条,"[猪肉,豆腐,白菜,粉丝]","[大蒜,生姜,小葱,蚝油,五香粉,盐,花生油]",炖,咸鲜味,未知,15
807,番茄煎蛋面,"[西红柿,鸡蛋]","[花生油,小葱,娃娃菜,胡椒粉,盐,鸡精]",煮,咸鲜味,未知,30
808,红极参炒茼蒿,"[茼蒿,人参]","[花生油,盐,辣椒,小葱,生姜,胡椒粉,鸡精]",炒,咸鲜味,新手尝试,5
809,辣子鸡丁,[鸡肉],"[花生油,盐,辣椒,花生,干辣椒,白糖,酱油,大蒜,生姜,孜然,花椒,鸡精,大葱,料酒]",爆炒,香辣味,初级入门,15
810,酸菜鱼,"[草鱼,酸菜]","[香菜,花生油,盐,生姜,大蒜,料酒,酱油,淀粉,花椒,大葱,干辣椒,辣椒,胡椒粉]",烧,香辣味,未知,30
811,蒜蓉小龙虾,"[小龙虾,大蒜]","[花生油,生姜,大葱,干辣椒,八角,香叶,酱油,酒酿,盐]",煮,蒜香味,中级掌勺,30
812,爆炒牛头肉,[牛肉],"[花生油,盐,洋葱,芹菜,花椒,干辣椒]",炒,家常味,初中水平,15
813,红烧带鱼,[带鱼],"[酱油,料酒,盐,花生油,淀粉,白糖,干辣椒,大蒜,生姜,大葱,酱油]",烧,家常味,中级掌勺,30
814,炒空心菜,[空心菜],"[花生油,大蒜,盐,鸡精,蚝油,豆瓣酱]",炒,家常味,未知,5
815,红烧鸡翅,[鸡翅],"[盐,生姜,大蒜,蚝油,料酒,酱油,淀粉,冰糖,花生油,干辣椒]",红烧,咸鲜味,初中水平,30
816,咖喱鸡肉饭,"[大米,鸡肉,咖喱]","[生姜,土豆,大葱,胡萝卜,洋葱,大蒜,料酒,酱油,花生油,盐,蚝油]",煮,咖喱味,未知,15
817,胡萝卜素丸子,"[胡萝卜,鸡蛋,小麦面粉]","[五香粉,大葱,生姜,盐,鸡精,花生油]",炸,家常味,初级入门,15
818,猪肉渣手撕包菜,[包菜],"[花生油,猪肉,盐,白糖,醋,酱油,蚝油,辣椒,大蒜]",炒,香辣味,初级入门,10
819,火腿煲仔饭,"[大米,火腿]","[花生油,盐,酱油,蚝油,蒜薹,西红柿,大蒜,生姜,大葱]",炒,咸鲜味,初中水平,15
820,茭白炒胡萝卜,"[茭白,胡萝卜]","[花生油,盐,料酒,味精,小葱,酱油]",炒,家常味,新手尝试,15
821,大蒜烧黄鳝,"[大蒜,黄鳝]","[干辣椒,花椒,豆瓣酱,胡椒粉,料酒,生姜,芹菜,小葱,酱油,盐,花生油]",烧,咸鲜味,初中水平,15
822,脆皮茄夹,"[茄子,猪肉]","[花生油,盐,酱油,蚝油,大葱,生姜,小麦面粉,淀粉]",炸,家常味,新手尝试,15
823,小白菜炒粉丝,"[粉丝,小白菜]","[花生油,猪肉,胡萝卜,大蒜,白糖,酱油,胡椒粉,香菇,盐]",炒,家常味,初中水平,30
824,苹果鸡翅,"[鸡翅,苹果]","[酱油,醋,生姜,番茄酱,白糖,盐,花生油]",烧,家常味,新手尝试,15
825,红烧黄花鱼,[黄花鱼],"[生姜,料酒,盐,酱油,蚝油,大蒜,白糖,小葱,花生油,香叶]",烧,家常味,新手尝试,30
826,清炒西兰花,[西兰花],"[大蒜,小葱,料酒,酱油,盐,花生油,鸡精,生姜,辣椒]",炒,香辣味,初级入门,15
827,时令拌菜白萝卜,[白萝卜],"[香菜,辣椒油,辣椒,大葱,生姜,盐,醋,五香粉,鸡精]",拌,香辣味,未知,10
828,脆皮烤鸭腿,[鸭腿],"[花生油,酱油,料酒,盐,白糖,生姜,大葱,香叶,八角,花椒,鸡精,蜂蜜,醋]",烤,酱香味,初中水平,90
829,肉炒豆角丝,"[扁豆,猪肉]","[花生油,盐,酱油,大葱,生姜]",炒,家常味,初级入门,15
830,蓑衣黄瓜,[黄瓜],"[花生油,白糖,醋,辣椒,花生,大蒜,盐,酱油]",腌,家常味,初级入门,30
831,酱牛肉,[牛肉],"[花生油,盐,茴香籽,枸杞子,黄芪,陈皮,山楂,八角,桂皮,香叶,生姜,酱油,花椒,五香粉]",酱,其它口味,初级入门,60
832,蒜苗炒绿豆芽,"[绿豆芽,蒜苗]","[花生油,盐,大葱,胡萝卜,酱油,椒盐,鸡精,醋]",炒,家常味,初级入门,10
833,素饺子,"[生菜,鸡蛋,黑木耳,小麦面粉]","[花生油,盐,鸡精,蚝油]",煮,家常味,新手尝试,15
834,烤千层肉饼,"[小麦面粉,猪肉]","[鸡蛋,生姜,小葱,白糖,五香粉,酱油,料酒,盐,蚝油,花生油]",烙,咸鲜味,初中水平,15
835,腐乳鸡翅,"[腐乳,鸡翅]","[花生油,酱油,盐,白糖,大蒜]",烩,蒜香味,初中水平,15
836,椒香鸡翅,"[鸡翅,辣椒]","[大蒜,胡椒粉,白糖,料酒,盐,花生油,生姜,花椒,蚝油,酱油]",煎,酱香味,初中水平,10
837,西葫芦炒肉,"[西葫芦,猪肉]","[花生油,盐,小葱,酱油,料酒,鸡精,生姜,蚝油,淀粉]",炒,咸鲜味,初中水平,15
838,酱牛肉,[牛肉],"[花生油,冰糖,盐,大葱,生姜,料酒,茴香籽,枸杞子,黄芪,陈皮,山楂,八角,桂皮,香叶]",酱,酱香味,未知,30
839,五花肉焖春笋,"[春笋,猪肉]","[花生油,料酒,盐,酱油,生姜,大葱,冰糖]",焖,咸鲜味,未知,30
840,老黄辣子鸡,[鸡肉],"[生姜,大蒜,花生,干辣椒,辣椒,八角,白糖,花椒,盐,花生油,鸡精,大葱,料酒]",爆炒,香辣味,高级厨师,15
841,油焖大虾,[虾],"[花生油,盐,大葱,生姜,洋葱,干辣椒,料酒,辣椒,八角,桂皮,花椒]",焖,咸鲜味,未知,15
842,毛氏红烧肉,[猪肉],"[花生油,盐,料酒,淀粉,八角,桂皮,小葱,白糖,生姜,酱油,料酒,大蒜]",烧,家常味,初中水平,60
843,柠檬鸡丝,"[鸡肉,柠檬]","[花生油,盐,大蒜,酱油,蜂蜜,香菜,辣椒]",微波,香辣味,初级入门,10
844,家常红烧鱼,[鲈鱼],"[豆瓣酱,盐,酱油,花生油,料酒,大蒜,大葱,八角,生姜,白糖]",烧,咸鲜味,初级入门,15
845,美味鸡翅,[鸡翅],"[花生油,淀粉,盐,酱油,生姜,料酒,胡椒粉]",炸,家常味,初级入门,10
846,红烧胖头鱼,[鱼头],"[花生油,生姜,大蒜,花椒,香叶,八角,酱油,料酒,盐,白糖]",煮,家常味,未知,30
847,洋葱炒鸡蛋,"[洋葱,鸡蛋]","[花椒,盐,蚝油,酱油,花生油,孜然,鸡精,大蒜]",炒,家常味,未知,10
848,红烧肉烧腐竹,"[猪肉,腐竹]","[花生油,盐,酱油,冰糖,大葱,生姜,八角,桂皮,辣椒,香叶]",烧,咸鲜味,初中水平,90
849,清炒山药,[山药],"[花生油,胡萝卜,盐,大蒜,味精,鸡精]",炒,咸鲜味,初级入门,5
850,辣烧豆瓣鲫鱼,[鲫鱼],"[花生油,盐,豆瓣酱,大蒜,辣椒,生姜,小葱]",烧,酱香味,初中水平,15
851,鲫鱼豆腐汤,"[鲫鱼,豆腐]","[盐,花生油,大葱,生姜,枸杞子,胡椒粉]",炖,咸鲜味,未知,60
852,川味肉沫豆腐,"[豆腐,猪肉]","[花生油,蒜苗,大蒜,豆瓣酱,酱油,胡椒粉,盐,鸡精]",烧,香辣味,未知,10
853,凉拌海带丝,[海带],"[花生油,香菜,大蒜,醋,酱油,盐,芝麻,辣椒,白糖,大葱]",煮,咸鲜味,未知,10
854,醉虾,[基围虾],"[大蒜,酒酿,生姜,柠檬,小葱,辣椒,酱油,盐]",拌,咸鲜味,中级掌勺,30
855,莴笋炒木耳,"[莴笋,黑木耳]","[花生油,猪肉,辣椒,淀粉,盐,鸡精,小葱]",炒,家常味,未知,30
856,山药炖排骨,"[排骨,山药]","[生姜,料酒,盐,大葱,枸杞子]",炖,咸鲜味,初中水平,90
857,豌豆炒虾仁,"[虾仁,豌豆]","[花生油,酱油,盐,大蒜,生姜]",炒,咸鲜味,初级入门,5
858,土豆炖牛肉,"[牛肉,土豆]","[花生油,盐,酱油,鸡精,豆瓣酱,辣椒,大蒜,蒜苗]",炖,家常味,初级入门,60
859,鸡肉冬瓜汤,"[鸡肉,冬瓜]","[盐,香菇,红枣,人参,枸杞子,大葱,生姜]",煲,其它口味,初中水平,90
860,红烧鸡翅,[鸡翅],"[冰糖,芝麻,蚝油,料酒,酱油,盐,干辣椒,生姜,花生油,大蒜]",红烧,其它口味,初中水平,15
861,酸菜鱼,"[草鱼,酸菜]","[生姜,豆腐,香菜,大蒜,干辣椒,花椒,花生油,盐,料酒,辣椒,胡椒粉,淀粉]",烧,酸辣味,初级入门,10
862,南瓜炖土豆,"[南瓜,土豆]","[盐,花生油,胡椒粉,生姜,大葱,酱油,鸡精]",炖,家常味,未知,60
863,电饭煲版叉烧肉,[猪肉],"[花生油,生姜,大葱,大蒜,白糖,料酒,酱油,盐,辣椒酱]",烧,咸鲜味,新手尝试,60
864,冬瓜鹌鹑蛋,"[冬瓜,鹌鹑蛋]","[大葱,盐,花生油,酱油,蚝油]",炒,咸鲜味,未知,15
865,辣子鸡丁,[鸡肉],"[花生油,辣椒,花生,白糖,盐,料酒,生姜,大葱,大蒜,干辣椒,花椒,酱油,鸡精]",爆炒,香辣味,初级入门,15
866,胡萝卜炒鸡蛋,"[胡萝卜,鸡蛋]","[大蒜,花生油,盐,胡椒粉]",炒,家常味,新手尝试,10
867,香辣牙签肉,[牛肉],"[盐,大葱,生姜,大蒜,花生油,料酒,酱油,淀粉,白糖,胡椒粉,芝麻,孜然]",炸,香辣味,新手尝试,30
868,番茄烧鱼腩,"[西红柿,黄花鱼]","[生姜,大蒜,盐,花生油,蚝油,酱油,白糖,大葱]",烧,家常味,新手尝试,10
869,京酱肉丝,"[猪肉,黄瓜]","[大葱,豆腐皮,豆瓣酱,花生油,盐,淀粉,酱油,大蒜,白糖,料酒]",炒,酱香味,初级入门,30
870,西红柿炒鸡蛋,"[西红柿,鸡蛋]","[盐,花生油,白糖,大蒜,大葱]",炒,家常味,新手尝试,5
871,凉拌灰豆腐果,"[黄瓜,豆腐]","[盐,鸡精,辣椒,花生油,醋,酱油,大葱,大蒜,生姜]",拌,麻辣味,新手尝试,5
872,荷包蛋焖面,"[面条,鸡蛋]","[酱油,大葱,香菜,大蒜,蚝油,醋,白糖,盐,花生油]",煮,家常味,新手尝试,10
873,香辣拌羊脸,[羊肉],"[洋葱,花生油,盐,酱油,蚝油,醋,辣椒酱]",拌,香辣味,未知,10
874,素炒豆角,[扁豆],"[花生油,盐,辣椒,味精,大蒜]",炒,家常味,初中水平,10
875,红烧青鱼,[青鱼],"[花生油,盐,花椒,酱油,白糖,大蒜,生姜,大葱,五香粉]",烧,酱香味,初中水平,10
876,剁椒鸡丁,[鸡肉],"[花生油,丝瓜,辣椒,盐,料酒,酱油,味精,淀粉,大葱]",炒,家常味,初级入门,15
877,西红柿炒茄片,"[茄子,西红柿]","[辣椒油,盐,辣椒,大葱,大蒜,花生油,味精]",炒,家常味,初级入门,15
878,酸辣黄瓜卷,[黄瓜],"[大蒜,酱油,醋,白糖,盐,花生油,辣椒油]",拌,酸辣味,初级入门,5
879,彩椒杏鲍谷,"[杏鲍菇,辣椒]","[花生油,胡萝卜,酱油,大蒜,蚝油,盐]",炒,家常味,新手尝试,15
880,凉拌花生米,[花生],"[大蒜,黄瓜,醋,盐,白糖,花生油,洋葱]",拌,咸鲜味,新手尝试,30
881,素烧宽扁豆,[扁豆],"[花生油,盐,酱油,味精,大葱]",烧,家常味,初级入门,10
882,辣子鸡,[鸡肉],"[花生油,白糖,辣椒,花生,盐,大蒜,酱油,干辣椒,花椒,大葱,生姜,料酒,鸡精]",爆炒,麻辣味,初中水平,30
883,黄瓜火腿炒鸡蛋,"[黄瓜,火腿,鸡蛋]","[花生油,大蒜,大葱,盐,青椒]",炒,蒜香味,新手尝试,5
884,红烧带鱼,[带鱼],"[花生油,酱油,料酒,盐,白糖,大蒜,生姜,大葱,干辣椒,醋,淀粉]",烧,咸鲜味,厨神级,15
885,香辣炒米粉,[米粉],"[花生油,黄豆芽,鸡蛋,火腿,小葱,盐,鸡精,酱油,辣椒]",炒,香辣味,未知,15
886,京酱肉丝,"[猪肉,黄瓜]","[花生油,豆腐皮,大葱,豆瓣酱,酱油,白糖,淀粉,料酒,盐,小葱]",炒,酱香味,未知,15
887,鹌鹑蛋烧肉,"[猪肉,鹌鹑蛋]","[生姜,小葱,料酒,酱油,盐,蚝油,冰糖,花生油]",煮,家常味,新手尝试,90
888,煎丝瓜酿肉,"[丝瓜,猪肉]","[盐,花生油,鸡精,料酒,生姜,蚝油,酱油,淀粉,小葱]",煎,家常味,初级入门,15
889,葱爆虾仁,[虾仁],"[花生油,小葱,大蒜,料酒,盐,鸡精,白糖,酱油]",炒,咸鲜味,未知,10
890,蜜汁烤翅,[鸡翅],"[花生油,大葱,大蒜,生姜,胡椒粉,盐,白糖,酱油,蚝油,料酒,蜂蜜]",烤,咸鲜味,初级入门,15
891,四色小炒,"[豆腐皮,洋葱,辣椒,胡萝卜]","[盐,花生油,味精,酱油,小葱,淀粉]",炒,家常味,初级入门,15
892,凉拌杏鲍菇,[杏鲍菇],"[花生油,香菜,辣椒油,盐,大蒜,醋,蚝油,酱油,白糖]",拌,家常味,未知,15
893,西红柿豌豆胡萝卜火腿炒玉米,"[西红柿,胡萝卜,玉米,豌豆,火腿]","[小葱,大蒜,花生油,盐,鸡精]",炒,咸鲜味,未知,15
894,拆烩鱼头,[鱼头],"[小葱,火腿,香菇,生姜,盐,花生油,花椒]",煮,咸鲜味,未知,60
895,可乐鸡翅,"[鸡翅,可乐]","[花生油,小葱,生姜,大蒜,盐,干辣椒,八角,香叶,桂皮,花椒]",炖,家常味,未知,15
896,辣椒炒土豆丝,"[土豆,花椒]","[花生油,酱油,盐,小葱,醋]",炒,家常味,未知,30
897,红烧狮子头,[猪肉],"[花生油,白菜,大葱,鸡蛋,盐,淀粉,料酒,酱油,八角,桂皮,冰糖,生姜,五香粉]",烧,家常味,初级入门,60
898,芹香炒黄豆,"[黄豆,西芹]","[盐,鸡精,生姜,大蒜,花椒,干辣椒,大葱,花生油]",炒,香辣味,初中水平,15
899,小胡巴牛肉汤,[牛肉],"[花生油,白萝卜,鸡蛋,淀粉,酱油,料酒,盐,小葱,胡椒粉]",煮,咸鲜味,初中水平,60
900,辣拌莲藕,[莲藕],"[花生油,白糖,醋,辣椒,大蒜,盐]",拌,香辣味,新手尝试,10
901,弹牛肉丸,[牛肉],"[盐,胡椒粉,淀粉,大蒜,花生油]",煮,黑椒味,初级入门,10
902,脆皮炸鸡翅,[鸡翅],"[花生油,盐,料酒,淀粉,孜然,酱油,辣椒粉,生姜,胡椒粉]",炸,奶香味,中级掌勺,30
903,香煎老豆腐回锅肉,"[猪肉,豆腐]","[花生油,辣椒酱,豆瓣酱,生姜,料酒,盐,酱油,白糖,大蒜,大葱]",炒,大蒜香味,中级掌勺,15
904,苦瓜炒肉片,"[苦瓜,猪肉]","[辣椒,豆豉,辣椒酱,生姜,大蒜,酱油,花生油,鸡精,蚝油,料酒,淀粉,白糖]",炒,咸鲜味,初中水平,15
905,文蛤炒鸡蛋,"[文蛤,鸡蛋]","[盐,胡萝卜,豌豆,花生油,洋葱]",炒,咸鲜味,初级入门,10
906,小白菜猪肉饼,"[小白菜,猪肉,小麦面粉]","[小葱,韭菜,淀粉,生姜,盐,酱油,花生油]",煎,家常味,初级入门,60
907,蜜汁叉烧豆腐角,"[豆腐,猪肉]","[盐,鸡精,酱油,花生油,芝麻,小葱,豆瓣酱,蜂蜜]",烧,酱香味,初中水平,15
908,西红柿土豆炖牛腩,"[牛腩,西红柿,土豆]","[小葱,生姜,花生油,冰糖,盐,大蒜,酱油,鸡精,料酒]",炖,酸甜味,新手尝试,2
909,拍黄瓜,[黄瓜],"[盐,花生,花生油,大蒜,辣椒油]",炒,家常味,新手尝试,5
910,皮蛋猪肉粥,"[大米,松花蛋,猪肉]","[小葱,花生油,盐,鸡精,生姜]",煮,家常味,新手尝试,60
911,砂锅焗小黄鱼,[小黄鱼],"[洋葱,生姜,大蒜,辣椒,小葱,花生油,蚝油,料酒,豆瓣酱,盐,白糖]",焗,家常味,初级入门,5
912,烧肉黄瓜,"[猪肉,黄瓜]","[花生油,盐,料酒,醋,白糖,酱油]",烧,家常味,初中水平,30
913,香肠炒大蒜,"[大蒜,香肠]","[花生油,盐,白糖,鸡精]",炒,家常味,新手尝试,10
914,素炒西兰花,[西兰花],"[大蒜,料酒,盐,酱油,花生油,小葱,鸡精,大葱,辣椒]",炒,咸鲜味,初级入门,5
915,爆炒四季豆,[四季豆],"[大蒜,腊肉,花生油,料酒,盐,蚝油]",炒,家常味,未知,30
916,百香果烧排骨,"[排骨,百香果]","[花生油,生姜,盐,酱油,冰糖,柠檬]",烧,酱香味,新手尝试,15
917,凉拌小扇贝,[扇贝],"[辣椒酱,香菜,胡萝卜,黄瓜,香菇,花生油,盐,大蒜]",拌,香辣味,新手尝试,5
918,排骨炖粉条土豆,"[排骨,土豆,粉条]","[花生油,盐,小葱,生姜,大蒜,五香粉,辣椒,白糖,酱油]",炖,家常味,未知,60
919,蒜苗炒肉,"[蒜苗,猪肉]","[花生油,盐,胡椒粉,酱油,白糖,淀粉,料酒]",炒,家常味,初级入门,5
920,干锅杏鲍菇,[杏鲍菇],"[花生油,猪肉,芹菜,盐,豆瓣酱,大蒜,干辣椒,白糖,酱油]",炒,家常味,未知,60
921,红烧肉末茄子,"[猪肉,茄子]","[花生油,香菇,盐,大蒜,酱油,料酒,白糖,鸡精,胡椒粉,豆瓣酱]",烧,咸鲜味,初级入门,30
922,糖醋排骨,[排骨],"[盐,白糖,醋,小葱,生姜,料酒,花生油,淀粉,酱油]",烧,酸甜味,初级入门,60
923,花生火腿炒腊肉,"[腊肉,花生,火腿]","[盐,酱油,花生油,味精,辣椒]",炒,家常味,初级入门,15
924,红烧带鱼,[带鱼],"[花生油,盐,大蒜,生姜,淀粉,料酒,酱油,干辣椒,白糖,大蒜]",烧,家常味,未知,15
925,大蒜苔炒肉,"[蒜薹,猪肉]","[花生油,盐,酱油,生姜,大蒜,干辣椒,豆瓣酱,白糖,花椒,淀粉]",炒,豆瓣味,未知,30
926,脆皮猪肉,[猪肉],"[培根,土豆,口蘑,花生油,盐,洋葱,黄油,白糖,酱油,料酒]",烤,咸鲜味,未知,30
927,凤尾虾鸡肉球披萨,"[小麦面粉,玉米,鱼丸,火腿,鸡肉,虾仁]","[花生油,盐,薄荷,番茄酱,白菜]",烘焙,咸鲜味,初级入门,60
928,羊肉冬瓜馅饼,"[羊肉,冬瓜,小麦面粉]","[料酒,五香粉,生姜,酱油,盐,花生油]",烙,家常味,未知,30
929,照烧鸡肉串,[鸡肉],"[花生油,大葱,盐,胡椒粉,料酒,酱油,白糖]",烧,其它口味,新手尝试,15
930,青椒炒素鸡,"[鸡肉,青椒]","[花生油,胡萝卜,盐,酱油,大葱]",炒,家常味,未知,30
931,淮扬红烧排骨,[排骨],"[花生油,盐,干辣椒,胡椒粉,料酒,酱油,生姜,小葱,八角,大蒜,冰糖]",红烧,咸鲜味,初级入门,60
932,凉拌松花蛋豆腐,"[豆腐,松花蛋]","[大蒜,香菜,酱油,醋,盐,蚝油,花生油]",拌,大蒜香味,新手尝试,5
933,凉拌三丝,"[紫甘蓝,金针菇,黄瓜]","[盐,醋,白糖,花生油]",拌,香辣味,初级入门,15
934,腐乳红烧肉,"[猪肉,腐乳]","[花生油,小葱,生姜,香叶,八角,冰糖,酱油,盐]",炖,甜味,未知,90
935,大蒜香苋菜,"[大蒜,苋菜]","[料酒,花生油,猪肉,盐,生姜,淀粉,鸡精]",炒,大蒜香味,初级入门,5
936,地三鲜,"[茄子,土豆,青椒]","[花生油,盐,小葱,生姜,大蒜,料酒,酱油,白糖,醋,蚝油,花椒,淀粉]",烤,家常味,初级入门,30
937,香辣干锅鸡,[鸡肉],"[花生油,盐,生姜,辣椒酱,辣椒,花椒,大蒜,大葱,八角,桂皮]",烧,香辣味,中级掌勺,30
938,青椒炒玉米,"[玉米,青椒]","[大蒜,小葱,花生油,盐,酱油]",炒,咸鲜味,未知,10
939,丝瓜炒蛋,"[丝瓜,鸡蛋]","[花生油,大蒜,盐,酱油]",炒,家常味,新手尝试,10
940,红烧青鱼,[青鱼],"[花生油,盐,花椒,五香粉,大葱,生姜,大蒜,酱油,白糖]",烧,家常味,初级入门,15
941,干炸带鱼,[带鱼],"[花生油,五香粉,盐,料酒,小麦面粉,大葱,生姜]",炸,鱼香味,未知,30
942,酱爆鸡丁,[鸡肉],"[辣椒,花生油,黄瓜,盐,料酒,胡椒粉,豆瓣酱,淀粉,大葱,白糖]",炒,酱香味,初级入门,5
943,羊肉萝卜汤,"[白萝卜,羊肉]","[盐,生姜,酒酿,料酒]",煮,咸鲜味,未知,2
944,土豆烧鸡,"[鸡肉,土豆]","[花生油,辣椒,酱油,豆瓣酱,料酒,大葱,生姜,盐,冰糖]",烧,家常味,初中水平,60
945,干锅豆腐,[豆腐],"[大葱,猪肉,胡萝卜,黑木耳,生姜,大蒜,豆瓣酱,盐,花生油,辣椒,酱油,白糖]",炒,家常味,未知,15
946,清炒红薯茎,[红薯],"[花生油,醋,酱油,盐,大蒜,辣椒,小葱]",炒,家常味,新手尝试,15
947,可乐鸡翅,"[鸡翅,可乐]","[花生油,干辣椒,盐,生姜,大蒜,大葱,香叶,桂皮,八角]",炖,甜味,新手尝试,15
948,香菇烧肉,"[猪肉,香菇]","[生姜,小葱,料酒,白糖,酱油,花椒,干辣椒,花生油]",烧,酱香味,高级厨师,30
949,地三鲜,"[茄子,土豆,青椒]","[醋,盐,白糖,酱油,鸡精,淀粉,蚝油,花生油,小葱,料酒,花椒,生姜,大蒜]",烤,家常味,初级入门,30
950,香菇焖鸡肉,"[鸡肉,香菇]","[八角,花椒,生姜,花生油,盐,酱油,料酒]",焖,五香味,初级入门,30
951,鱼香肉丝,"[猪肉,黑木耳,胡萝卜]","[花生油,泡椒,蚝油,盐,生姜,白糖,大蒜,大葱,醋,酱油,味精,淀粉]",炒,酸甜味,新手尝试,15
952,豌豆玉米炒虾仁,"[虾仁,玉米,豌豆]","[小葱,辣椒,盐,淀粉,花生油,酱油,鸡精]",炒,咸鲜味,未知,10
953,拌韭菜,[韭菜],"[盐,酱油,辣椒,醋,蚝油]",拌,香辣味,新手尝试,15
954,密制红烧肉,[猪肉],"[生姜,桂皮,淀粉,盐,大葱,冰糖,蚝油,酱油,料酒,八角,小葱,大蒜]",烧,五香味,未知,90
955,锅贴鱼,[草鱼],"[花生油,盐,大葱,生姜,辣椒,大蒜,小麦面粉]",干锅,麻辣味,初中水平,30
956,青椒炒叉烧,"[青椒,猪肉]","[盐,鸡精,大蒜,花生油,酱油]",炒,香辣味,初级入门,15
957,豆瓣酱肉包,"[小麦面粉,豆瓣酱,猪肉]","[苏打粉,香菇,黑木耳,生姜,花生油,五香粉,盐,鸡精,酱油]",蒸,咸鲜味,初中水平,15
958,油焖大虾,[虾],"[花生油,料酒,生姜,大葱,白糖,盐,酱油,八角,桂皮,辣椒,大蒜]",焖,其它口味,未知,30
959,卤肉饭,"[猪肉,大米]","[桂皮,香叶,大葱,花生油,香菇,鸡蛋,洋葱,盐,冰糖,生姜,酱油,五香粉,花椒,八角]",烧,咸鲜味,初中水平,30
960,葱爆羊肉,"[羊肉,大葱]","[花生油,盐,生姜,酱油,料酒,淀粉,胡椒粉,鸡精]",炒,葱香味,初中水平,30
961,扁豆炒肉,"[扁豆,猪肉]","[盐,酱油,花生油,辣椒]",炒,咸鲜味,初级入门,15
962,大蒜香花蛤,"[大蒜,蛤蜊]","[花生油,粉丝,盐,干辣椒,料酒,蚝油]",烤,咸鲜味,未知,30
963,腊味小炒,"[腊肉,油菜,黑木耳]","[花生油,盐,酱油,小葱]",炒,家常味,初级入门,15
964,红烧排骨,[排骨],"[花生油,料酒,八角,盐,干辣椒,胡椒粉,白糖,酱油,大蒜,小葱]",红烧,家常味,初中水平,90
965,大白豆炖猪蹄,"[猪蹄,白豆]","[生姜,胡椒,花椒,料酒,盐,醋,鸡精]",炖,咸鲜味,中级掌勺,30
966,肉末煸炒四季豆,"[四季豆,猪肉]","[花生油,盐,白糖,酱油,生姜,干辣椒,花椒]",干煸,咸鲜味,初级入门,10
967,干锅豆腐,[豆腐],"[大葱,花生油,猪肉,胡萝卜,黑木耳,豆瓣酱,生姜,辣椒,盐,白糖,酱油,大蒜]",炒,豆瓣味,初级入门,30
968,酸萝卜炒肉皮,"[白萝卜,猪皮]","[花生油,盐,蒜苗,酱油]",炒,酸辣味,初中水平,10
969,剁椒茶油蒸猪血,"[猪血,猪肉]","[花生油,辣椒,盐,茶油,生姜,胡椒粉,小葱,料酒]",蒸,香辣味,初级入门,15
970,糥玉米拌豆腐,"[玉米,豆腐]","[花生油,生菜,盐,白糖,辣椒]",煮,咸鲜味,初中水平,30
971,自制皮冻,[猪皮],"[料酒,花生油,生姜,小葱,醋,盐,酒酿,酱油,辣椒油,大蒜,香叶,桂皮,花椒]",煮,家常味,未知,2
972,香菇白菜帮炒饼,"[香菇,白菜,小麦面粉]","[鸡精,胡萝卜,酱油,醋,生姜,小葱,大蒜,花生油,八角,花椒,盐,胡椒粉]",炒,咸鲜味,初级入门,10
973,西红柿炒鸡蛋,"[西红柿,鸡蛋]","[盐,白糖,花生油,小葱,大蒜,料酒]",炒,咸鲜味,新手尝试,10
974,香肠土豆焖饭,"[大米,土豆,香肠]","[花生油,蒜薹,胡萝卜,西红柿,大蒜,酱油,蚝油,盐]",焖,咸鲜味,未知,30
975,糖醋小排,[排骨],"[酱油,大蒜,冰糖,醋,大葱,蚝油,料酒,花生油,盐,芝麻,生姜]",炖,酸甜味,新手尝试,60
976,"空气炸鸡翅,薯条","[鸡翅,土豆]","[花生油,生姜,大蒜,胡椒粉,盐,酱油,料酒]",炸,家常味,初级入门,30
977,菜花炒肉,"[菜花,猪肉]","[花生油,胡萝卜,盐,酱油]",炒,家常味,新手尝试,15
978,肉末蒸茄子,"[茄子,猪肉]","[盐,辣椒,花生油,酱油,蚝油]",蒸,香辣味,初级入门,10
979,洋葱炒鸡蛋,"[洋葱,鸡蛋]","[花生油,盐,辣椒,生姜,酱油,鸡精,大蒜]",炒,家常味,未知,10
980,红烧带鱼,[带鱼],"[酱油,大葱,花生油,盐,淀粉,料酒,干辣椒,白糖,大蒜,生姜,小葱]",烧,家常味,初中水平,60
981,蛋皮肉卷,"[鸡蛋,猪肉,小麦面粉]","[花生油,淀粉,酒酿,酱油,蚝油,白糖,五香粉,胡椒粉,盐]",蒸,家常味,初中水平,15
982,油焖大虾,[虾],"[花生油,盐,白糖,料酒,八角,桂皮,花椒,大蒜,辣椒,生姜,大葱]",焖,香辣味,未知,60
983,三丝炒米粉,"[米粉,胡萝卜,绿豆芽,火腿]","[花生油,盐,酱油,蚝油,小葱]",炒,葱香味,初级入门,10
984,香菇炒荷兰豆,"[香菇,荷兰豆]","[花生油,胡萝卜,盐,蚝油]",炒,家常味,新手尝试,5
985,凉拌萝卜丝,[白萝卜],"[青椒,黑木耳,花生油,大葱,辣椒油,盐,白糖,大蒜,醋,鸡精]",拌,酸辣味,未知,5
986,粉蒸肉,"[肉桂粉,猪肉]","[南瓜,莲藕,盐,料酒,酱油,蚝油,白糖,鸡精,豆瓣酱,花生油]",蒸,香辣味,未知,60
987,红烧排骨,[排骨],"[花生油,酱油,辣椒,料酒,生姜,桂皮,八角,小葱,白糖,盐,胡椒粉]",红烧,五香味,初中水平,10
988,爆炒素腰花,[杏鲍菇],"[花生油,盐,酱油,蚝油,番茄酱,甜椒]",炒,咸鲜味,中级掌勺,15
989,宫保鸡丁盖浇饭,"[鸡肉,花生,黄瓜,大米]","[花生油,大葱,酱油,料酒,醋,干辣椒,白糖,盐,大蒜,生姜]",炒,咸鲜味,新手尝试,15
990,洋葱素鸡炒胡萝卜片,"[鸡肉,洋葱,胡萝卜]","[花生油,酱油,蚝油,盐,大葱,白糖]",炒,家常味,初中水平,10
991,双椒回锅肉,"[猪肉,辣椒]","[花生油,豆瓣酱,酱油,生姜,青椒,黑木耳,大葱,盐,料酒]",炒,豆瓣味,初级入门,10
992,东坡肉粽子,"[猪肉,糯米]","[酱油,酒酿,白糖,盐,生姜]",煮,咸鲜味,初中水平,30
993,茭白烧肉,"[茭白,猪肉]","[花生油,盐,生姜,大蒜,酱油,蚝油,豆瓣酱]",炒,家常味,初级入门,10
994,茄子豆腐粉丝煲,"[茄子,粉丝,豆腐]","[花生油,猪肉,鸡蛋,淀粉,大葱,大蒜,辣椒,酱油,豆瓣酱]",烧,家常味,中级掌勺,10
995,西葫芦木耳炒鸡蛋,"[黑木耳,西葫芦,鸡蛋]","[花生油,盐,鸡精,大蒜]",炒,家常味,初级入门,5
996,羊肉炖土豆,"[羊肉,土豆]","[盐,小葱,生姜,大蒜,料酒,酱油,孜然,白糖,花生油]",炖,咸鲜味,初中水平,60
997,自制香辣干锅排骨,[排骨],"[花生油,土豆,胡萝卜,豆瓣酱,干辣椒,花椒,鸡精,盐,白糖,味精,芝麻,生姜,大蒜]",干煸,香辣味,初级入门,15
998,红烧肉,[猪肉],"[花生油,冰糖,盐,淀粉,生姜,八角,大葱,料酒,酱油,桂皮,小葱,大蒜]",烧,家常味,未知,60
999,木须肉,"[青椒,鸡蛋,黑木耳]","[白糖,大葱,猪肉,花生油,酱油,盐,淀粉,料酒,鸡精]",炒,家常味,新手尝试,5
