id,name,mainFood,subFood,skill,taste,difficulty
0,茄子饼,"[茄子,小麦面粉]","[盐,猪肉,鸡蛋,胡萝卜,白糖,胡椒粉,花生油]",煎,家常味,未知
1,土豆炒牛肉,"[土豆,牛肉]","[酱油,红薯,盐,花生油]",炒,家常味,未知
2,凉拌黄瓜,[黄瓜],"[洋葱,辣椒油,黑木耳,花生,香菜,大蒜,盐,白糖,醋]",拌,咸鲜味,未知
3,香辣西芹鱿鱼圈,"[鱿鱼,西芹]","[花生油,盐,料酒,洋葱,小葱,大蒜]",炒,香辣味,未知
4,葱爆羊肉,"[羊肉,大葱]","[鸡精,孜然,胡椒粉,酱油,料酒,盐,白糖,醋,花生油]",炒,咸鲜味,初中水平
5,醋溜白菜,[白菜],"[大葱,花生油,盐,醋,白糖]",炒,家常味,新手尝试
6,爽口凉拌菜,"[黄瓜,豆腐皮,花生]","[辣椒粉,大葱,大蒜,芝麻,香菜,白糖,醋,盐]",拌,咸鲜味,新手尝试
7,大蒜泥拍黄瓜,"[黄瓜,大蒜]","[盐,鸡精,白糖,胡萝卜]",拌,咸鲜味,未知
8,烧茄子,[茄子],"[花生油,淀粉,盐,大蒜,白糖,花椒,大葱,生姜,酱油]",炒,家常味,中级掌勺
9,肉骨茶,"[排骨,油菜,香菇]","[盐,桂皮,丁香,胡椒,枸杞子,八角,桂圆,甘草,大蒜,花生油]",煮,咸鲜味,初中水平
10,老虎菜,"[香菜,青椒]","[芝麻油,大蒜,盐,醋,大葱,花生油]",拌,酸辣味,新手尝试
11,银鱼炒蛋,"[鸡蛋,银鱼]","[大葱,盐,花生油]",炒,家常味,新手尝试
12,灯影牛肉丝,[牛肉],"[辣椒油,盐,白糖,生姜,花椒,辣椒粉,干辣椒,花生油,酱油,青椒,大蒜]",炒,麻辣味,初级入门
13,生炒仔姜鸡块,"[鸡肉,生姜]","[花椒,白糖,盐,生姜,料酒,花生油,大葱,辣椒]",炒,香辣味,初中水平
14,洋葱炒鸡蛋,"[洋葱,鸡蛋]","[盐,鸡精,花生油,生姜,酱油,大蒜]",炒,家常味,初中水平
15,牛奶八宝饭,"[葡萄干,杏仁,红枣,枸杞子,桂圆,糯米,牛奶]",[白糖],煮,甜味,新手尝试
16,山药木耳荷兰豆,"[荷兰豆,黑木耳,山药]","[花生油,盐,生姜]",炒,家常味,未知
17,大蒜香生菜,[生菜],"[淀粉,盐,花生油,大蒜,大葱]",炒,咸鲜味,未知
18,香辣啤酒鸡胗,"[鸡胗,啤酒]","[花生油,辣椒,盐,花椒,生姜,大蒜,大葱]",炒,香辣味,中级掌勺
19,丝瓜炒海虹,"[丝瓜,海虹]","[生姜,辣椒,大蒜,盐,花生油,鸡精,料酒]",炒,咸鲜味,初级入门
20,大蒜子肉末茄子煲,"[茄子,猪肉,大蒜]","[花生油,大葱,白糖,盐,青椒]",烧,咸鲜味,新手尝试
21,爆炒豆芽,[黄豆芽],"[干辣椒,大蒜,盐,醋,花生油,香菜,辣椒]",炒,家常味,未知
22,家常麻婆豆腐,[豆腐],"[辣椒,猪肉,豆瓣酱,白糖,大葱,酱油,大蒜,胡椒粉,花生油,生姜,盐,淀粉]",炒,麻辣味,未知
23,干贝蒸冬瓜,"[干贝,冬瓜]","[盐,淀粉,大葱]",蒸,咸鲜味,未知
24,腊肉炒芹菜,"[芹菜,腊肉]","[花生油,生姜,大蒜,盐,花椒,醋]",炒,咸鲜味,新手尝试
25,红烧猪蹄,[猪蹄],"[花生油,生姜,大蒜,八角,花椒,桂皮,辣椒,料酒,冰糖,盐,鸡精,酱油,豆瓣酱]",炒,家常味,新手尝试
26,青椒小炒肉,"[青椒,猪肉]","[花生油,盐,料酒,淀粉,大蒜,白糖]",炒,咸鲜味,新手尝试
27,韭菜炒鸡蛋,"[韭菜,鸡蛋]","[花生油,小葱,盐,鸡精]",炒,家常味,新手尝试
28,自制贡丸,[猪肉],"[胡椒粉,大葱,白糖,盐]",煮,家常味,初级入门
29,肉丸培根炒面,"[培根,面条,肉丸]","[花生油,洋葱,包菜,盐]",炒,家常味,未知
30,盐焗蛏子,"[蛏子,盐]","[花椒,八角,香叶,茴香,大葱]",微波,咸鲜味,初级入门
31,金针菇蒸鸡翅,"[金针菇,鸡翅]","[料酒,盐,生姜,淀粉,小葱,辣椒]",蒸,家常味,初级入门
32,清蒸鲈鱼,[鲈鱼],"[香菜,小葱,生姜,花椒,盐,料酒,花生油,酱油,辣椒,大蒜]",蒸,咸鲜味,未知
33,凉拌豆腐丝,[豆腐皮],"[醋,黄瓜,胡萝卜,香菜,辣椒油,盐,花椒,大蒜,酱油,白糖]",拌,香辣味,未知
34,炖鱼,[青鱼],"[花生油,大葱,芹菜,盐,白糖,八角,辣椒,小葱,生姜,大蒜,桂皮]",炖,香辣味,未知
35,烤鹌鹑,[鹌鹑],"[酱油,料酒,辣椒粉,孜然,白糖,盐,花生油,蜂蜜,大葱,大蒜]",烤,大蒜香味,初级入门
36,辣子鸡,[鸡肉],"[花生油,白糖,辣椒,花生,干辣椒,大蒜,生姜,孜然,花椒,鸡精,大葱,料酒,盐]",爆炒,香辣味,新手尝试
37,鱼香肉末烘蛋,"[猪肉,香菇,鸡蛋]","[酱油,黑木耳,醋,料酒,花生油,胡椒粉,白糖,生姜,淀粉,大葱,辣椒,盐]",炒,家常味,新手尝试
38,鱼头泡饼,"[鱼头,小麦面粉]","[花生油,大葱,香菜,鸡精,大蒜,干辣椒,料酒,白糖,豆瓣酱,盐]",炖,咸鲜味,未知
39,四季豆炒扇贝肉,"[四季豆,扇贝]","[盐,白糖,花椒,花生油,大蒜,小葱,料酒,淀粉]",炒,咸鲜味,未知
40,口水鸡,[鸡肉],"[花生油,盐,白糖,醋,料酒,辣椒油,黑芝麻,花生,大葱,生姜,大蒜,花椒]",煮,家常味,中级掌勺
41,绿豆芽炒韭菜,"[韭菜,绿豆芽]","[花生油,花椒,盐,大蒜,醋,干辣椒,白糖,味精]",炒,家常味,新手尝试
42,家常回锅肉,"[猪肉,豆腐]","[花生油,料酒,白糖,豆瓣酱,盐,生姜,大蒜,大葱,洋葱,辣椒]",炒,家常味,新手尝试
43,丝瓜炒肉片,"[丝瓜,猪肉]","[生姜,大蒜,盐,花生油,白糖,大葱]",炒,家常味,新手尝试
44,三鲜大馄饨,"[猪肉,虾仁,鸡蛋,紫菜,虾皮]","[生姜,大葱,酱油,花生油,胡椒粉,料酒,盐,白糖,鸡精]",煮,咸鲜味,中级掌勺
45,干煸四季豆,[四季豆],"[盐,猪肉,花生油,干辣椒,白糖,酱油,花椒,料酒,大蒜]",干煸,家常味,新手尝试
46,腊肉煲仔饭,"[大米,腊肉]","[花生油,西兰花,油菜,胡萝卜,白糖,盐,酱油,蚝油]",煮,咸鲜味,高级厨师
47,正宗盐水鸭,[鸭肉],"[花生油,桂皮,八角,五香粉,花椒,盐,大葱,料酒,生姜]",炖,咸鲜味,初中水平
48,空心菜煎蛋,"[空心菜,鸡蛋]","[花生油,盐]",煎,家常味,初中水平
49,韩式无骨凤爪,[鸡爪],"[番茄酱,辣椒酱,辣椒粉,酱油,白糖,盐,大蒜]",酱,香辣味,中级掌勺
50,野韭菜炒鸡蛋,"[韭菜,鸡蛋]","[花生油,盐,鸡精,小葱]",炒,家常味,未知
51,炝拌十香菜,[香菜],"[大葱,盐,醋,花生油,干辣椒]",拌,家常味,新手尝试
52,酱黄瓜,[黄瓜],"[生姜,大蒜,盐,酱油,白糖,醋,干辣椒,花椒,鸡精,酒酿]",酱,香辣味,未知
53,胡萝卜木耳炒山药,"[山药,黑木耳,胡萝卜]","[生姜,花生油,盐,料酒]",炒,咸鲜味,未知
54,酱炒鸡蛋大葱,"[鸡蛋,大葱]","[花生油,白糖,料酒,酱油,盐]",炒,家常味,未知
55,大蒜扇贝肉蒸粉丝,"[大蒜,扇贝,粉丝]","[大葱,料酒,白糖,盐,花生油,生姜]",蒸,咸鲜味,未知
56,椒麻鸡,[鸡肉],"[盐,大葱,生姜,花椒,花生油,干辣椒,八角,香叶,草果,桂皮,白芷,辣椒油,辣椒,洋葱,香菜]",拌,椒麻味,初级入门
57,肉末烧茄子,"[茄子,猪肉]","[大葱,酱油,白糖,料酒,盐,鸡精,胡椒粉,花生油,大蒜,豆瓣酱]",烧,咸鲜味,初级入门
58,青椒煸鸡,"[青椒,鸡肉]","[花生油,干辣椒,花椒,生姜,大蒜,盐,白糖]",爆炒,香辣味,初级入门
59,时蔬烤鸡腿饭,"[鸡腿,胡萝卜,西红柿,鸡腿菇]","[胡椒粉,盐,花生油,辣椒]",烤,家常味,初中水平
60,小麦面粉煎咸肉,"[咸肉,小麦面粉]","[味精,胡椒粉,花生油]",煎,咸鲜味,未知
61,炒米粉,"[胡萝卜,香菇,米粉,鸡蛋]","[大蒜,花生油,盐,大葱]",炒,家常味,新手尝试
62,大蒜豆腐烧虾煲,"[虾,豆腐,娃娃菜]","[花生油,大蒜,豆瓣酱,大葱,盐]",烧,咸鲜味,未知
63,赛螃蟹,"[虾皮,咸鸭蛋,鸡蛋]","[生姜,盐,白糖,牛奶,花生油]",炒,咸鲜味,未知
64,炸鸡胸肉,[鸡肉],"[盐,鸡蛋,小麦面粉,胡椒粉,生姜,料酒,淀粉,花生油]",炸,家常味,未知
65,土豆炒肉丝,"[猪肉,土豆]","[花生油,大蒜,生姜,淀粉,盐,五香粉,鸡精,料酒,青椒]",炒,家常味,未知
66,牛肋条炖土豆,"[牛肉,土豆]","[料酒,西红柿,大葱,生姜,花椒,八角,香叶,桂皮,花生油,盐,辣椒,白糖]",炖,家常味,新手尝试
67,洋葱炒肉丝,"[洋葱,猪肉]","[花生油,盐,辣椒酱,料酒,酱油,鸡精,生姜,胡萝卜]",炒,家常味,未知
68,花朵馒头,[小麦面粉],"[白糖,紫薯]",蒸,甜味,未知
69,红烧羊肉,[羊肉],"[生姜,料酒,胡萝卜,大葱,干辣椒,酱油,八角,桂皮,花椒,冰糖,花生油,盐,胡椒粉,辣椒]",焖,家常味,初级入门
70,红烧鸡翅,[鸡翅],"[冰糖,大蒜,芝麻,料酒,酱油,大葱,干辣椒,生姜,花生油,盐]",红烧,家常味,未知
71,芹菜烧带鱼,"[带鱼,芹菜]","[花生油,生姜,大蒜,泡椒,豆瓣酱,盐]",烧,家常味,初级入门
72,晒萝卜干,"[白萝卜,青萝卜]","[白糖,鸡精,辣椒油,黑芝麻,盐]",腌,咸鲜味,新手尝试
73,麻辣龙虾芝士球,"[虾,土豆,芝士]","[盐,胡椒粉,料酒,大葱,淀粉,花生油]",煎,香辣味,初中水平
74,酱醋腌萝卜,[白萝卜],"[花椒,盐,醋,八角,桂皮,香叶,草果]",腌,咸鲜味,未知
75,炸猪肉丸,[猪肉],"[生姜,花生油,淀粉,盐,小葱,鸡蛋,鸡精,蚝油]",炸,家常味,初级入门
76,鱼香茄子,[茄子],"[豆瓣酱,花生油,大蒜,醋,辣椒,酱油,白糖,盐,淀粉,小葱]",炒,酸甜味,初级入门
77,青椒干豆腐,"[豆腐皮,青椒]","[花生油,酱油,料酒,鸡精,大葱,辣椒,盐]",炒,香辣味,新手尝试
78,西兰花虾仁鸡蛋豆腐汤,"[虾,鸡蛋,豆腐,西兰花]","[花生油,盐,料酒]",煮,家常味,未知
79,青大蒜回锅肉,"[猪肉,大蒜]","[花生油,豆瓣酱,酱油,醋,生姜,大葱,泡椒,豆豉,白糖,盐]",炒,香辣味,未知
80,香肠土豆焖饭,"[香肠,大米,土豆]","[盐,花生油,胡萝卜,西红柿,大蒜,酱油,蚝油]",焖,家常味,高级厨师
81,西红柿鸡蛋炒扇贝,"[西红柿,鸡蛋,扇贝]","[大葱,生姜,大蒜,花生油,盐]",炒,家常味,初级入门
82,卤蛋,[鹌鹑蛋],"[料酒,花椒,冰糖,八角,生姜,干辣椒,桂皮,香叶,盐,酱油]",卤,咸鲜味,新手尝试
83,白糖醋鲤鱼,[鲤鱼],"[番茄酱,淀粉,料酒,醋,白糖,盐,鸡蛋,小麦面粉,大葱,生姜,蒜苗,花生油]",炸,酸甜味,初中水平
84,鸭腿炖白萝卜,"[鸭腿,胡萝卜,白萝卜]","[花椒,八角,白糖,料酒,盐,味精,生姜,香菜]",炖,咸鲜味,未知
85,刀拍黄瓜,[黄瓜],"[大蒜,醋,花椒,干辣椒,白糖,盐,花生油,花生]",拌,家常味,初级入门
86,猪脚姜,"[生姜,猪蹄]","[料酒,醋,酱油,白糖,鸡蛋,盐,花生油]",炖,家常味,新手尝试
87,大蒜烧红苋菜,"[大蒜,苋菜]","[料酒,猪肉,盐,生姜,淀粉,鸡精,花生油]",炒,家常味,未知
88,辣子鸡中翅,[鸡翅],"[花生油,花生,盐,料酒,生姜,香菜,干辣椒]",炸,香辣味,新手尝试
89,重庆辣子鸡,[鸡肉],"[大葱,酱油,花生,大蒜,盐,白糖,花椒,生姜,料酒,干辣椒,花生油]",爆炒,香辣味,初中水平
90,油焖大虾,[虾],"[大葱,生姜,料酒,盐,鸡精,白糖,花生油,八角,桂皮,花椒,辣椒]",焖,家常味,初级入门
91,宫保鸡丁,"[鸡肉,花生,黄瓜]","[干辣椒,大葱,生姜,花椒,盐,料酒,醋,淀粉,白糖,胡椒粉,花生油]",炒,咸鲜味,初级入门
92,青椒炒鸡蛋,"[青椒,鸡蛋]","[大蒜,花生油,盐]",炒,家常味,新手尝试
93,梅菜扣肉,"[猪肉,梅干菜]","[花生油,料酒,酱油,白糖,盐,生姜,大葱,五香粉,花椒]",蒸,咸鲜味,新手尝试
94,榴莲炖鸡,"[榴莲,鸡肉]","[花生油,生姜,冬枣,盐,枸杞子]",炖,咸鲜味,新手尝试
95,香菇肉丸,"[香菇,猪肉]","[大葱,生姜,大蒜,花生油,盐]",烤,家常味,未知
96,油焖春笋,[春笋],"[花生油,大葱,酱油,白糖,盐]",焖,酱香味,初中水平
97,无油粉炒土豆丝,"[土豆,小麦面粉]","[盐,胡椒粉,大葱,花生油]",炒,葱香味,中级掌勺
98,鹌鹑蛋烧鸡爪,"[鸡爪,鹌鹑蛋]","[花生油,大葱,料酒,干辣椒,盐,八角,香叶]",烧,家常味,新手尝试
99,黄焖鸡米饭,"[鸡肉,香菇,青椒,土豆,大米]","[花生油,盐,料酒]",焖,咸鲜味,中级掌勺
100,红烧排骨,[排骨],"[花生油,大葱,大蒜,干辣椒,胡椒粉,料酒,生姜,八角,白糖,盐,酱油]",红烧,家常味,未知
101,红烧鲤鱼,[鲤鱼],"[花生油,料酒,盐,小葱,冰糖,生姜,干辣椒,酱油,鸡精,花椒,五香粉]",红烧,家常味,初中水平
102,鸡蛋炒虾仁,"[鸡蛋,虾仁]","[花生油,料酒,胡椒粉,盐,大葱]",炒,咸鲜味,初级入门
103,白菜炖鱼,"[白菜,草鱼]","[花生油,料酒,大葱,盐,大蒜,胡椒粉,辣椒]",炖,家常味,新手尝试
104,西兰花鸡肉卷,"[鸡肉,西兰花]","[盐,鸡蛋,花生油,胡萝卜]",煎,咸鲜味,初级入门
105,酸菜猪肉馅水饺,"[粉条,猪肉,小麦面粉,酸菜]","[花生油,盐,五香粉,大葱,生姜,料酒]",煮,咸鲜味,初级入门
106,荞麦肠仔馒头卷,"[荞麦面,火腿,小麦面粉]","[牛奶,白糖]",蒸,其它口味,初中水平
107,花蛤蒸蛋,"[蛤蜊,鸡蛋]","[花生油,盐,大葱]",蒸,家常味,初级入门
108,爆炒牛杂,[牛肉],"[花生油,杏鲍菇,生姜,料酒,白糖,盐,大葱]",炒,家常味,新手尝试
109,爆炒猪耳朵,[猪耳朵],"[花生油,豆瓣酱,盐,白糖,味精,辣椒,大葱,大蒜,生姜]",炒,香辣味,未知
110,鸡蛋龙利鱼大白菜羹,"[白菜,龙利鱼,鸡蛋]","[花生油,淀粉,料酒,盐,味精,醋]",煮,酸味,中级掌勺
111,辣椒炒肉,"[猪肉,辣椒]","[花生油,盐,生姜,白糖,大蒜,淀粉,料酒,大葱]",炒,香辣味,未知
112,酱牛肉,[牛肉],"[花生油,酱油,大葱,生姜,八角,盐,枸杞子,黄芪,陈皮,山楂,桂皮,香叶,花椒,五香粉]",酱,酱香味,初中水平
113,榨菜炒鸡蛋,"[榨菜,鸡蛋]","[大葱,料酒,鸡精,花生油,盐]",炒,家常味,未知
114,鸡翅包饭,"[鸡翅,大米]","[花生油,盐,酱油,料酒,胡椒粉,辣椒粉,孜然,生姜,大蒜,香菇]",焖,咸鲜味,初级入门
115,包菜炒肉丝,"[猪肉,包菜]","[花生油,大蒜,粉条,料酒,盐,白糖,花椒,生姜,辣椒]",炒,咸鲜味,未知
116,干锅兔,[兔肉],"[花生油,干辣椒,土豆,魔芋,黄瓜,芹菜,洋葱,金针菇,生姜,盐,花椒,小葱,辣椒酱,料酒]",炒,香辣味,初级入门
117,香葱炒蛋,"[大葱,鸡蛋]","[盐,花生油,白糖]",炒,家常味,未知
118,玉米豆角肉末炒饭,"[大米,玉米,猪肉]","[花生油,盐,胡萝卜]",炒,家常味,新手尝试
119,西红柿鸡翅,"[西红柿,鸡翅]","[番茄酱,酱油,盐,白糖,大葱,花生油]",炖,甜味,初级入门
120,肉末海带炒粉条,"[海带,粉条,猪肉]","[大葱,淀粉,生姜,豆瓣酱,花生油,盐,鸡精,料酒,花椒]",炒,咸鲜味,未知
121,家常炒面,"[面条,猪肉]","[花生油,白菜,胡萝卜,洋葱,酱油,盐,料酒,大葱]",炒,家常味,新手尝试
122,卤鸭掌鸭翅,"[鸭掌,鸭翅]","[盐,料酒,鸡蛋,八角,香叶,花椒,干辣椒,大蒜,生姜,白糖]",卤,五香味,新手尝试
123,猪肉酸菜馄饨,"[猪肉,酸菜,小麦面粉]","[盐,鸡精,花椒,花生油,料酒]",煮,家常味,未知
124,叫花鸡,[鸡肉],"[小麦面粉,黄油,盐,味精,白糖,花生油,大葱,生姜,大蒜,洋葱,香菇]",烤,咸鲜味,高级厨师
125,大蒜黄炒牛肉,[牛肉],"[花生油,大葱,料酒,胡椒,盐]",炒,家常味,初级入门
126,魔芋烧鸭腿,"[鸭腿,魔芋]","[花生油,酱油,白糖,料酒,盐,味精,大葱,生姜,大蒜,花椒,八角]",烧,家常味,未知
127,咖喱牛肉,"[牛肉,咖喱]","[胡萝卜,土豆,洋葱,胡椒,花生油,盐]",炒,咖喱味,初级入门
128,清蒸石斑鱼,[石斑鱼],"[花生油,大葱,辣椒,酱油,生姜,盐]",蒸,家常味,未知
129,毛豆烧武昌鱼,"[武昌鱼,毛豆]","[辣椒,香菇,生姜,大蒜,香菜,大葱,豆瓣酱,料酒,胡椒粉,盐,醋,花生油]",烧,咸鲜味,初中水平
130,可乐鸡蛋,"[鸡蛋,可乐]","[花生油,酱油,盐]",煮,家常味,未知
131,咖喱鸡翅,"[鸡翅,咖喱]","[生姜,大蒜,盐,料酒,花生油]",烤,家常味,未知
132,鱼香肉丝,"[黑木耳,胡萝卜,猪肉]","[白糖,花生油,大葱,干辣椒,淀粉,盐,鸡精,醋,酱油,料酒,生姜,大蒜]",炒,鱼香味,高级厨师
133,苦瓜炒肉丝,"[苦瓜,猪肉]","[辣椒,豆豉,辣椒酱,生姜,大蒜,酱油,花生油,味精,蚝油,料酒,淀粉,白糖]",炒,家常味,初中水平
134,好吃的干锅花菜,[花菜],"[猪肉,花生油,花椒,干辣椒,盐,料酒,鸡精,小葱,大蒜,豆瓣酱,酱油,蚝油,白糖]",炒,家常味,新手尝试
135,红烧啤酒鸭炖土豆,"[土豆,鸭肉,啤酒]","[花生油,盐,白糖,大葱,生姜,干辣椒,八角]",炖,家常味,新手尝试
136,家常版红油口水鸡,[鸡肉],"[花生油,大葱,大蒜,料酒,花生,醋,生姜,白糖,花椒,盐,辣椒油]",煮,酸辣味,新手尝试
137,大蒜蒸生蚝,"[大蒜,生蚝]","[花生油,粉丝,小葱,盐,辣椒,料酒,鸡精,蚝油]",蒸,蒜香味,新手尝试
138,西红柿炒鸡蛋,"[西红柿,鸡蛋]","[盐,白糖,花生油,大葱,大蒜]",炒,家常味,初级入门
139,酱烧茄子,[茄子],"[花生油,青椒,大蒜,猪肉,料酒,香菜,盐]",烧,酱香味,未知
140,香煎孜然马鲛鱼,[马鲛鱼],"[花生油,盐,孜然,生姜,大葱,大蒜,料酒,醋]",煎,其它口味,未知
141,韭菜扇贝饺子,"[小麦面粉,韭菜,扇贝]","[鸡精,盐,花生油,鸡蛋]",煮,咸鲜味,初级入门
142,浇汁变蛋西蓝花,"[西兰花,鹌鹑蛋]","[盐,辣椒,大蒜,白糖,醋,鸡精,花生油]",拌,咸鲜味,未知
143,酸萝卜鲤鱼,"[鲤鱼,青萝卜]","[花生油,西红柿,盐,料酒,生姜,大蒜,辣椒,香菜]",煮,咸鲜味,未知
144,手撕包菜,[包菜],"[花生油,猪肉,大蒜,生姜,干辣椒,醋,酱油,盐,白糖]",炒,家常味,中级掌勺
145,白糖醋排骨,[排骨],"[花生油,生姜,白糖,料酒,醋,盐,大葱,淀粉,酱油]",烧,酸甜味,初中水平
146,菠萝烤翅,"[菠萝,鸡翅]","[大蒜,生姜,蜂蜜,盐,鸡精,胡椒粉,料酒,花生油]",烤,果味,中级掌勺
147,肉末茄子土豆,"[土豆,茄子,猪肉]","[花生油,料酒,酱油,盐,鸡精,豆豉,大葱]",炒,家常味,未知
148,酱香四季豆炒肉片,"[四季豆,猪肉]","[生姜,大蒜,大葱,花生油,料酒,辣椒酱,盐,辣椒]",炒,酱香味,初级入门
149,清炒豆芽,[绿豆芽],"[盐,鸡精,蚝油,花生油,大蒜,大葱]",炒,家常味,未知
150,红烧鸡块,[鸡肉],"[生姜,大葱,大蒜,花生油,白糖,盐]",烧,家常味,初中水平
151,韭菜汁鹅肝酱藕夹,"[鸡肉,莲藕,韭菜,鹅肝]","[花生油,虾仁,西红柿,面包,盐]",炒,家常味,新手尝试
152,山药烧兔肉,"[兔肉,山药]","[花生油,豆瓣酱,生姜,大蒜,辣椒,淀粉,料酒,盐]",烧,香辣味,新手尝试
153,酱猪蹄,[猪蹄],"[生姜,大葱,花生油,八角,桂皮,白糖,料酒,盐]",酱,酱香味,初中水平
154,烤茄子拌尖椒,"[茄子,辣椒]","[花生油,酱油,醋,白糖,大蒜,盐]",拌,咸鲜味,新手尝试
155,炸鸡翅,[鸡翅],"[花生油,盐,淀粉,孜然,胡椒粉,料酒,生姜,大蒜,辣椒粉]",炸,黑椒味,未知
156,腰果鸡丁,"[腰果,鸡肉]","[花生油,白糖,料酒,酱油,盐,大蒜,小葱,干辣椒,孜然]",炒,家常味,新手尝试
157,可乐鸡翅,"[鸡翅,可乐]","[花生油,大葱,生姜,香叶,桂皮,大蒜,花椒,干辣椒,八角,盐]",炖,甜味,新手尝试
158,快手早餐饼,"[鸡蛋,小麦面粉]","[花生油,小葱,盐,胡椒粉,西红柿]",煎,咸鲜味,中级掌勺
159,烩南北,[竹笋],"[花生油,八角,淀粉,生姜,盐,料酒,青椒,辣椒]",烩,家常味,初级入门
160,南京盐水鸭,[鸭肉],"[花生油,花椒,桂皮,八角,生姜,大葱,盐,鸡精,料酒]",炖,咸鲜味,中级掌勺
161,莲藕肉丸,"[猪肉,莲藕]","[胡椒粉,花椒,花生油,盐,小葱,生姜,淀粉]",炸,家常味,未知
162,红烧肉,[猪肉],"[花生油,盐,淀粉,八角,桂皮,大葱,酱油,冰糖,生姜,小葱,料酒,大蒜]",烧,家常味,新手尝试
163,火腿肠鸡蛋炒面,"[面条,火腿,鸡蛋]","[花生油,小葱,香菜,酱油,蚝油,盐]",炒,咸鲜味,未知
164,白玉菇番茄扇贝小炒,"[白玉菇,西红柿,扇贝]","[盐,小葱,鸡精,花生油,料酒]",炒,家常味,未知
165,菠菜拌毛蚬子,"[菠菜,蚬子]","[花生油,盐,蚝油,白糖,醋,鸡精]",拌,咸鲜味,新手尝试
166,虔参堂海参,[海参],"[大葱,酱油,花生油,鸡蛋,盐]",蒸,家常味,新手尝试
167,卤猪心,[猪心],"[花生油,大蒜,甘草,花椒,八角,白芷,香叶,生姜,砂仁,茴香,料酒,酱油,盐,香菜]",卤,咸鲜味,新手尝试
168,小鸡炖蘑菇,"[鸡肉,香菇]","[花生油,酱油,冰糖,盐,大葱,生姜,香叶,八角,花椒,白芷,桂皮]",炖,家常味,新手尝试
169,纯手工猪肉脯,[猪肉],"[花生油,酱油,料酒,白糖,胡椒粉,蜂蜜,黑芝麻,盐]",烤,甜味,中级掌勺
170,土豆回锅肉,"[猪肉,土豆]","[花生油,大蒜,豆豉,豆瓣酱,生姜,白糖,酱油,小葱,盐]",炒,家常味,未知
171,蒸鲈鱼,[鲈鱼],"[花生油,盐,大蒜,青椒,生姜,小葱,料酒]",蒸,家常味,中级掌勺
172,蓑衣黄瓜,[黄瓜],"[花生油,大蒜,辣椒,醋,白糖,花生,盐]",腌,咸鲜味,初中水平
173,水煮牛肉,[牛肉],"[生菜,花生油,豆瓣酱,盐,大葱,花椒,生姜,大蒜,淀粉,鸡精,白糖,料酒,黄豆芽]",煮,麻辣味,未知
174,牙签羊肉,[羊肉],"[花生油,盐,料酒,孜然,芝麻]",炸,香辣味,新手尝试
175,菠菜拌扇贝,"[扇贝,菠菜]","[花生油,大蒜,盐,白糖,味精,醋]",拌,蒜香味,新手尝试
176,鲜虫草花蒸鸡,[鸡肉],"[花生油,盐,蚝油,生姜,大葱,红枣]",蒸,咸鲜味,新手尝试
177,红烧肉炖海带,"[猪肉,海带]","[花生油,生姜,盐,柠檬,大蒜,桂皮,丁香,砂仁,冰糖,醋,白菜]",炖,咸鲜味,未知
178,秘制东坡肉,[猪肉],"[花生油,生姜,冰糖,淀粉,八角,小葱,盐,桂皮,大葱,酱油,料酒,大蒜]",烧,咸鲜味,未知
179,蒜蓉孜然烤茄子,"[大蒜,茄子]","[花生油,辣椒,孜然,大葱,盐]",烤,香辣味,未知
180,烤羊排,[羊排],"[花生油,盐,孜然,辣椒,洋葱,辣椒粉,花椒,八角,料酒,大葱,生姜,酱油,蚝油,辣椒酱]",烤,麻辣味,初中水平
181,微波炉鳊鱼,[鳊鱼],"[花生油,豆瓣酱,辣椒,洋葱,生姜,花椒,大蒜,料酒,淀粉,大葱,盐]",微波,咸鲜味,新手尝试
182,木耳炒山药,"[黑木耳,山药]","[花生油,大葱,盐,白糖,淀粉,青椒]",炒,家常味,未知
183,小动物牛奶馒头,"[小麦面粉,牛奶]","[鸡蛋,酵母粉,白糖,盐]",蒸,甜味,未知
184,西葫芦炒鸡蛋,"[西葫芦,鸡蛋]","[花生油,盐,料酒,大葱,白糖]",炒,家常味,未知
185,土豆烧鸡腿,"[鸡腿,土豆]","[花生油,生姜,八角,桂皮,香叶,料酒,盐]",烧,家常味,初级入门
186,土鸡焖花卷,"[鸡肉,花卷]","[花生油,盐,花椒,豆瓣酱,生姜]",焖,家常味,中级掌勺
187,凉调荷兰豆,[荷兰豆],"[大蒜,干辣椒,盐,白糖,花椒,花生油]",拌,家常味,未知
188,白菜丸子炖粉丝,"[娃娃菜,粉丝,猪肉]","[花生油,大葱,八角,生姜,酱油,蚝油,盐]",炖,家常味,新手尝试
189,蒸南瓜,[南瓜],"[淀粉,蜂蜜,白糖,盐]",蒸,甜味,未知
190,糖醋肉丁,[猪肉],"[料酒,胡椒粉,淀粉,花生油,白糖,盐,醋,大蒜]",烧,酸甜味,新手尝试
191,韩式鸡肉粥,[鸡肉],"[花生油,盐,芝麻,味精,小葱,大蒜,大葱,海带,西葫芦,胡萝卜,洋葱]",煮,家常味,初中水平
192,蒜蓉油麦菜,"[油麦菜,大蒜]","[花生油,鸡精,花椒,盐]",炒,蒜香味,新手尝试
193,糖醋藕丁,[莲藕],"[花生油,盐,鸡蛋,醋,白糖,小麦面粉,淀粉]",炒,酸甜味,中级掌勺
194,茄汁卷心菜炖鸡肉,"[鸡肉,卷心菜,西红柿]","[花生油,洋葱,大蒜,土豆,番茄酱,香叶,盐,白糖]",炖,酸甜味,新手尝试
195,尖椒土豆片,[土豆],"[花生油,盐,酱油,猪肉,辣椒]",炒,香辣味,新手尝试
196,米粉肉,"[猪肉,大米]","[酱油,鸡精,盐,白糖,八角,料酒,生姜]",蒸,甜味,初中水平
197,北京豆腐脑,[黄豆],"[鸡蛋,鸡精,黑木耳,盐,淀粉,香菜,大葱]",煮,咸鲜味,初中水平
198,蒸鸡蛋羹,[鸡蛋],"[盐,料酒]",蒸,咸鲜味,初级入门
199,叮叮豆腐,[豆腐],"[花生油,胡萝卜,香菜,芝麻,酱油,盐]",微波,家常味,未知
200,鸡腿焖锅,[鸡腿],"[花生油,蚝油,蜂蜜,酱油,番茄酱,盐,红薯,洋葱,胡萝卜]",焖,咸鲜味,未知
201,牛油果猪肉馅饺子,"[猪肉,小麦面粉,牛油果]","[花生油,盐,大葱]",煮,咸鲜味,未知
202,千层肉饼,"[小麦面粉,猪肉]","[鸡蛋,大葱,盐,生姜,花生油,小葱,五香粉,酱油,料酒,蚝油,白糖]",烙,家常味,初级入门
203,凉拌鸡丝,[鸡肉],"[花生油,黄瓜,小葱,大蒜,盐,生姜,香菜,胡萝卜,黑木耳,辣椒,花生,料酒,辣椒粉,胡椒粉]",煮,香辣味,未知
204,凉拌茄子,[茄子],"[醋,花生油,蚝油,大蒜,酱油,茴香,盐,白糖,辣椒,鸡精]",蒸,香辣味,初级入门
205,鲜肉大馄饨,"[小麦面粉,猪肉]","[盐,料酒,花生油,大葱,生姜,鸡蛋,菠菜]",煮,咸鲜味,中级掌勺
206,芝麻煎鸡腿,"[鸡腿,芝麻]","[花生油,料酒,酱油,蜂蜜,盐,淀粉]",煎,咸鲜味,新手尝试
207,腐竹焖五花肉,"[猪肉,腐竹]","[花生油,生姜,大蒜,大葱,辣椒,蒜苗,芹菜,料酒,酱油,蚝油,盐]",炒,咸鲜味,初中水平
208,香辣草鱼豆腐煲,"[草鱼,豆腐]","[花生油,小葱,生姜,洋葱,料酒,蚝油,盐,白糖]",炖,家常味,中级掌勺
209,三杯鸡,[鸡肉],"[大葱,大蒜,生姜,辣椒,白糖,酱油,盐,花生油]",烧,咸鲜味,中级掌勺
210,酱鸭腿,[鸭腿],"[料酒,白糖,盐,生姜,大葱,八角,桂皮,干辣椒,香叶]",炖,酱香味,初级入门
211,排骨玉米炖豆角,"[排骨,玉米,土豆,豆角]","[花生油,盐,生姜,料酒,蚝油,八角,小葱]",炖,咸鲜味,初级入门
212,凉皮,[小麦面粉],"[辣椒粉,盐,白糖,醋,大葱,大蒜,黄瓜,苏打粉,香菜]",拌,家常味,新手尝试
213,青椒鸡蛋饼,"[青椒,鸡蛋,小麦面粉]","[花生油,胡萝卜,盐]",煎,咸鲜味,中级掌勺
214,清蒸鱼,[鲳鱼],"[花生油,料酒,生姜,大葱]",蒸,咸鲜味,新手尝试
215,清炖羊肉,"[羊肉,山药]","[花生油,小葱,生姜,大蒜,花椒,八角,枸杞子,盐,料酒]",炖,咸鲜味,初级入门
216,酱油炒饭,"[大米,酱油]","[花生油,盐,鸡精,黄瓜,胡萝卜,鸡蛋,小葱,火腿,大蒜]",炒,家常味,初级入门
217,西湖牛肉羹,"[豆腐,香菇,牛肉]","[生姜,淀粉,胡椒粉,柠檬,盐,香菜,大葱]",煮,家常味,初级入门
218,西葫芦炒肉,"[西葫芦,猪肉]","[大蒜,小葱,花生油,料酒,鸡精,盐,酱油,蚝油,淀粉]",炒,咸鲜味,初级入门
219,爆炒猪腰,[猪腰],"[醋,青椒,酱油,白糖,盐,鸡精,生姜,淀粉,大蒜,花生油]",炒,香辣味,初级入门
220,干锅土豆香辣虾,"[土豆,芹菜,猪肉,虾]","[花生油,洋葱,冰糖,酱油,豆瓣酱,盐,白糖,大蒜]",干煸,香辣味,未知
221,骨头汤,[排骨],"[花生油,生姜,白萝卜,小葱,料酒,盐,鸡精,蚝油]",炖,咸鲜味,新手尝试
222,炖排骨,[排骨],"[花生油,酱油,料酒,盐,桂皮,八角,香叶,小葱,生姜,冰糖,干辣椒]",炖,咸鲜味,初中水平
223,粉蒸排骨,"[排骨,米粉]","[花生油,料酒,酱油,蚝油,盐,生姜,大葱,蚝油,辣椒粉,胡椒粉]",蒸,家常味,初级入门
224,青椒炒肉,"[猪肉,青椒]","[盐,料酒,酱油,花生油,淀粉,白糖,大蒜,生姜]",炒,香辣味,初级入门
225,青椒猪肉,"[猪肉,青椒]","[花生油,大蒜,胡椒粉,盐,淀粉,白糖,料酒,酱油,生姜]",炒,香辣味,初级入门
226,爆炒鱿鱼,[鱿鱼],"[生姜,青椒,洋葱,盐,大葱,大蒜,花生油,干辣椒,豆瓣酱,辣椒酱,酱油,芝麻,孜然]",炒,咸鲜味,中级掌勺
227,土豆烧鸡,"[鸡肉,土豆]","[花生油,盐,料酒,生姜,大蒜,辣椒,白糖,酱油,大葱]",烧,香辣味,中级掌勺
228,奶酪火鸡,"[鸡肉,山楂]","[大蒜,盐,酱油,辣椒粉,辣椒酱,芝麻酱,花生油,芝麻,紫菜,胡椒粉]",炒,香辣味,初级入门
229,香烤猪蹄,[猪蹄],"[八角,花生油,盐,香叶,百香果,桂皮,冰糖,料酒,花生酱,酱油,干辣椒,花椒,大葱,辣椒粉,生姜]",烤,香辣味,初级入门
230,烤肉,[猪肉],"[生姜,酱油,蚝油,辣椒粉,盐,白糖,花生油,洋葱,辣椒,料酒]",煎,咸鲜味,初中水平
231,香烤口蘑鹌鹑蛋,"[蘑菇,鹌鹑蛋]","[盐,胡椒,迷迭香,花生油]",烤,家常味,新手尝试
232,空气炸锅地三鲜,"[土豆,青椒,茄子]","[花生油,酱油,鸡精,料酒,小葱,生姜,醋,大蒜,白糖,蚝油,盐,淀粉,花椒]",烤,酱香味,中级掌勺
233,炒合菜,"[鸡蛋,黄豆芽,韭菜,粉条]","[花生油,酱油,蚝油,盐,大葱]",炒,家常味,新手尝试
234,孜然烤翅,[鸡翅],"[花生油,盐,孜然,酱油,料酒,蚝油]",烤,其它口味,初级入门
235,水煮虾,[虾],"[酱油,生姜,大蒜,大葱,花生油,花椒,料酒,白糖,盐]",煮,香辣味,初中水平
236,爆炒猪肝,[猪肝],"[大蒜,生姜,花生油,酱油,白糖,料酒,盐,鸡精,辣椒,豆瓣酱,淀粉,小葱,大葱]",炒,咸鲜味,初中水平
237,麻婆豆腐,[豆腐],"[花椒,猪肉,豆瓣酱,辣椒,盐,白糖,酱油,大葱,生姜,大蒜,淀粉,鸡精,花生油]",炒,麻辣味,新手尝试
238,牛肉面,"[牛肉,面条]","[花生油,大葱,生姜,花椒,肉蔻,盐,香叶,八角,桂皮,草果,干辣椒,豆豉,白糖,料酒]",煮,家常味,新手尝试
239,地狱排骨,[排骨],"[花生油,酒酿,胡萝卜,玉米,香菇,酱油,料酒,番茄酱,豆瓣酱,八角,香叶,盐,花椒,大葱,生姜,大蒜,青椒]",焖,家常味,中级掌勺
240,香煎鸡肉,[鸡肉],"[花生油,胡椒粉,盐,紫甘蓝,黄瓜,秋葵,西红柿]",煎,家常味,初级入门
241,豉香蒸排骨,"[排骨,豆豉]","[花生油,盐,酱油,蚝油,大葱,生姜,大蒜,小麦面粉,辣椒]",蒸,咸鲜味,初级入门
242,牛尾汤,[牛尾],"[花生油,山药,胡萝卜,枸杞子,大葱,盐,胡椒粉]",炖,咸鲜味,初级入门
243,黑木耳炒肉,"[黑木耳,猪肉]","[大蒜,生姜,料酒,盐,辣椒,酱油,花生油,鸡精,洋葱]",炒,咸鲜味,初级入门
244,腐竹炒肉,"[腐竹,猪肉]","[花生油,酱油,辣椒,大葱,盐]",炒,咸鲜味,初级入门
245,青椒炒猪肝,"[猪肝,青椒]","[生姜,大蒜,辣椒,盐,白糖,酱油,淀粉,花生油]",炒,家常味,初级入门
246,猪肉蒸蛋,"[鸡蛋,猪肉]","[淀粉,花生油,大蒜,酱油,大葱,盐]",蒸,家常味,初级入门
247,凉拌鸡肉,[鸡肉],"[花生油,大葱,生姜,料酒,大蒜,酱油,蚝油,盐,辣椒粉,辣椒,芝麻,孜然,鸡精,香菜]",拌,香辣味,初中水平
248,虾仁炒蛋,"[虾仁,鸡蛋]","[花生油,盐,生姜,酱油,大葱]",炒,咸鲜味,初级入门
249,麻辣豆腐,[豆腐],"[盐,花生油,猪肉,大葱,大蒜,豆瓣酱,胡椒粉,酱油,鸡精,淀粉,白糖,辣椒]",炒,香辣味,初级入门
250,麻婆茄子,"[茄子,猪肉]","[花生油,白糖,盐,料酒,大蒜,生姜,豆瓣酱,番茄酱,酱油,淀粉,小葱]",炒,麻辣味,新手尝试
251,清蒸石斑鱼,[石斑鱼],"[盐,花生油,生姜,大葱,酱油,小葱]",蒸,咸鲜味,新手尝试
252,西兰花炒虾仁,"[西兰花,虾仁]","[生姜,料酒,花生油,鸡精,盐,淀粉,大蒜,八角,酱油]",炒,咸鲜味,初级入门
253,腌菜花炝毛豆,"[上海青,毛豆]","[花生油,盐,辣椒,生姜,大葱]",炒,咸鲜味,新手尝试
254,白糖醋带鱼,[带鱼],"[花生油,料酒,盐,淀粉,生姜,小葱,醋,白糖]",烧,酸甜味,初级入门
255,杀猪菜,"[猪大肠,猪肝,猪肉,猪血]","[花生油,大葱,生姜,八角,鸡精,盐,胡椒粉,苋菜]",煮,家常味,初级入门
256,萝卜脆脆片,[白萝卜],"[酱油,醋,白糖,辣椒,大蒜,生姜,盐]",腌,酸辣味,新手尝试
257,冬瓜肉卷,"[猪肉,冬瓜]","[生姜,大蒜,大葱,料酒,蚝油,酱油,花生油,淀粉,香菇,盐]",蒸,家常味,未知
258,干炸带鱼,[带鱼],"[盐,五香粉,小麦面粉,大葱,生姜,花生油,料酒]",炸,咸鲜味,初级入门
259,大蒜香辣子鸡,"[鸡肉,大蒜]","[花椒,花生油,干辣椒,酱油,料酒,蚝油,泡椒,小麦面粉,芝麻,大葱,盐,生姜,胡椒粉]",炸,香辣味,初级入门
260,大蒜香排骨,"[排骨,大蒜]","[花生油,生姜,蚝油,盐,料酒,酱油,白糖,淀粉,胡椒粉]",炸,大蒜香味,中级掌勺
261,烤生蚝,"[生蚝,大蒜]","[花生油,大蒜,大葱,辣椒,盐,鸡精,蚝油,料酒]",蒸,咸鲜味,初级入门
262,蚵仔煎,[生蚝],"[花生油,大葱,卷心菜,淀粉,料酒,盐,胡椒粉,鸡蛋]",煎,咸鲜味,初级入门
263,鱼丸煮豆腐丝,"[娃娃菜,蟹味菇,咸肉,黑木耳,豆腐丝,牛肉,鱼丸,鱼干]","[香菜,大葱,生姜,花生油,盐,料酒]",煮,咸鲜味,初级入门
264,麻辣拌,"[莲藕,土豆,白菜]","[花生油,大蒜,辣椒,蚝油,大葱,辣椒粉,芝麻,酱油,盐,芝麻酱]",煮,香辣味,初级入门
265,大蒜炒鸡蛋,"[鸡蛋,大蒜]","[大蒜,盐,料酒,花生油]",炒,家常味,未知
266,水煮猪肉,[猪肉],"[盐,淀粉,黄豆芽,花生油,大葱,大蒜,料酒,干辣椒,花椒,豆瓣酱,酱油,鸡精,白糖]",煮,麻辣味,初中水平
267,奶酪火腿,"[火腿,奶酪]","[花生油,盐,小麦面粉,胡椒粉,面包,鸡蛋]",炸,咸鲜味,新手尝试
268,香辣鸡翅,[鸡翅],"[花椒,大蒜,酱油,大葱,料酒,花生油,豆瓣酱,生姜,干辣椒,盐]",炒,香辣味,初中水平
269,白糖醋牛肉鱼丸,"[牛肉,鸡蛋]","[辣椒油,淀粉,大葱,生姜,盐,料酒,酱油,蚝油,胡椒粉,猪油,白糖,番茄酱]",炸,酸甜味,初级入门
270,花生油焖虾,[皮皮虾],"[白糖,酱油,蚝油,盐,花生油,生姜,大葱]",烧,酸甜味,初级入门
271,炸蘑菇,[平菇],"[小麦面粉,淀粉,鸡蛋,花生油,盐]",炸,咸鲜味,初级入门
272,芹菜炒肉,"[猪肉,芹菜]","[花生油,盐,料酒,酱油,大葱,小葱,生姜,白糖,蚝油,淀粉,大蒜,鸡精]",炒,家常味,初级入门
273,京酱猪肉,"[猪肉,黄瓜]","[淀粉,豆腐皮,花生油,大葱,蚝油,豆瓣酱,盐,白糖,小葱,料酒]",炒,酱香味,初级入门
274,家常豆腐,[豆腐],"[花生油,胡萝卜,黑木耳,胡椒粉,豆瓣酱,酱油,盐,辣椒]",炒,家常味,初级入门
275,土豆饼,"[土豆,小麦面粉]","[大葱,盐,五香粉,胡椒粉,花生油]",煎,家常味,初级入门
276,煎米饼,"[火腿,鸡蛋,大米]","[大葱,盐,花生油]",煎,咸鲜味,初中水平
277,蘑菇莲藕片炒鸡蛋,"[蘑菇,莲藕,鸡蛋]","[花生油,酱油,盐,香菜]",炒,家常味,新手尝试
278,韭菜鸡蛋饺子,"[韭菜,鸡蛋,小麦面粉]","[大蒜,黑木耳,花生油,盐]",煮,家常味,新手尝试
279,青椒胡萝卜炒猪肉,"[猪肉,胡萝卜,青椒]","[生姜,花生油,豆瓣酱,料酒,淀粉,盐]",炒,咸鲜味,新手尝试
280,麻辣羊蝎子,[羊蹄筋],"[胡椒粉,白糖,香菜,盐,花生油,料酒,生姜,大葱,干辣椒,茴香,花椒,酱油,酒酿]",炖,麻辣味,新手尝试
281,大蒜香茄子,"[大蒜,茄子]","[花生油,大葱,酱油,蚝油,醋,盐,白糖,鸡精,辣椒]",烤,香辣味,初级入门
282,大盘鸡,"[鸡肉,土豆,青椒]","[花生油,干辣椒,花椒,八角,桂皮,香叶,豆瓣酱,料酒,酱油,蚝油,盐,鸡精,白糖,香菜,生姜,大葱]",炖,家常味,初级入门
283,包菜粉丝,"[粉丝,卷心菜]","[大葱,花生油,盐,酱油]",炒,咸鲜味,初级入门
284,火树银花,[牛肉],"[盐,花生油,花椒,胡椒粉,芝麻,五香粉]",炒,咸鲜味,初中水平
285,风味茄子,[茄子],"[花生油,大蒜,干辣椒,小葱,白糖,醋,酱油,盐,淀粉,鸡精]",炒,家常味,初级入门
286,面疙瘩,[小麦面粉],"[西红柿,鸡蛋,花生油,酱油,大葱,大蒜,盐,蚝油]",炒,家常味,新手尝试
287,花椒鱼头,[鱼头],"[生姜,大蒜,大葱,花生油,豆豉,蚝油,酱油,盐,花椒]",炖,香辣味,初中水平
288,老北京炸酱面,[面条],"[花生油,猪肉,黄豆芽,豆瓣酱,胡萝卜,黄瓜,大葱,料酒,生姜,盐]",煮,咸鲜味,初级入门
289,卤鸭胗鸭掌,"[鸭胗,鸭掌]","[八角,花椒,干辣椒,生姜,大蒜,香叶,栀子,草果,白豆蔻,料酒,冰糖,盐,酱油,酒酿,番茄酱]",卤,家常味,初级入门
290,红烧茄子,[茄子],"[盐,小麦面粉,花生油,花椒,大葱,生姜,酱油,白糖,香菜,大蒜]",炒,家常味,初级入门
291,枸杞子炒肉,"[枸杞子,猪肉]","[大葱,生姜,干辣椒,料酒,淀粉,酱油,花生油,盐]",炒,家常味,新手尝试
292,双拼猪肉,"[猪肉,虾仁,鸡蛋]","[花生油,大葱,淀粉,酱油,香菇,柠檬,盐]",蒸,家常味,新手尝试
293,香菜炒泥鳅,[泥鳅],"[花生油,盐,辣椒,香菜,青椒,大蒜]",煎,家常味,中级掌勺
294,猪肉大米盒子,"[大米,猪肉]","[花生油,香菇,盐,鸡蛋,胡萝卜,豌豆]",烙,家常味,新手尝试
295,秘制猪肉,[猪肉],"[花生油,小葱,冰糖,干辣椒,生姜,八角,香叶,盐,味精,料酒,酱油]",烧,家常味,新手尝试
296,洋葱炒猪肝,"[猪肝,洋葱]","[料酒,酱油,花生油,盐,大蒜,生姜,青椒]",炒,家常味,新手尝试
297,炸香椿鱼,[香椿鱼],"[小麦面粉,鸡蛋,盐,花生油]",炸,家常味,新手尝试
298,清炖鸡精,[鸡肉],"[黄芪,生姜,大葱,桂圆,红枣,枸杞子,党参,当归]",炖,家常味,初级入门
299,红焖鸡腿,[鸡腿],"[花生油,酱油,料酒,白糖,蚝油,盐,大葱,生姜,小葱]",烧,家常味,新手尝试
300,糯米鸡肉锅贴,"[糯米,鸡肉,小麦面粉]","[香菇,花生油,胡萝卜,盐,酱油,蚝油]",煎,家常味,初中水平
301,酸甜爽脆的红萝卜,[胡萝卜],"[盐,花生油,酱油,醋,白糖]",拌,酸甜味,新手尝试
302,荔枝肉,[猪肉],"[大葱,大蒜,生姜,淀粉,盐,番茄酱,白糖,酱油,花生油]",炒,酸甜味,初级入门
303,焗烤娃娃菜,"[娃娃菜,盐]","[花生油,盐,辣椒,小葱,大蒜,蚝油]",烤,家常味,新手尝试
304,小葱拌豆腐,"[豆腐,小葱]","[盐,花生油]",拌,家常味,初级入门
305,粉蒸羊肉,"[羊肉,大米]","[花生油,八角,干辣椒,花椒,酱油,鸡精,豆瓣酱,料酒]",蒸,香辣味,初级入门
306,干锅虾,[虾],"[盐,料酒,花椒,辣椒,生姜,干辣椒,花生油,大蒜,小葱,豆瓣酱]",炒,香辣味,初中水平
307,醉蟹,"[螃蟹,酒酿]","[生姜,大蒜,大葱,辣椒,辣椒,花生油,花椒,干辣椒,香叶,八角,醋,酱油,白糖,盐,醋]",腌,咸鲜味,初中水平
308,炒空心菜,[空心菜],"[大蒜,花生油,鸡精,盐,豆瓣酱]",炒,家常味,新手尝试
309,麻辣虾,[河虾],"[淀粉,洋葱,生姜,小葱,花生油,花椒,干辣椒,辣椒酱,盐]",炸,香辣味,初级入门
310,泥鳅汤,[泥鳅],"[生姜,大葱,花生油,料酒,盐,胡椒粉]",煮,家常味,新手尝试
311,春笋炒鸡胗,"[鸡胗,春笋]","[花生油,胡萝卜,生姜,料酒,盐,鸡精]",炒,咸鲜味,未知
312,肉丁炸酱,[猪肉],"[大葱,花生油,番茄酱,白糖,料酒,盐]",炒,酱香味,初级入门
313,鱼香猪肉,"[胡萝卜,猪肉,黑木耳]","[花生油,酱油,淀粉,醋,生姜,大蒜,白糖,盐,大葱,干辣椒,鸡精,料酒]",炒,酸甜味,新手尝试
314,烂糊猪肉,[猪肉],"[圆生菜,花生油,淀粉,料酒,盐]",煮,家常味,新手尝试
315,香椿炒鸡蛋,"[香椿,鸡蛋]","[盐,花生油,胡萝卜]",炒,家常味,初级入门
316,鸡腿蒸南瓜,"[鸡腿,南瓜]","[生姜,大葱,料酒,蚝油,酱油,盐,白糖,胡椒粉,迷迭香,干辣椒]",蒸,咸鲜味,新手尝试
317,土豆炖豌豆,"[土豆,豌豆]","[花生油,大葱,生姜,八角,辣椒,五香粉,酱油,盐]",炖,咸鲜味,新手尝试
318,红烧黄花鱼,[黄花鱼],"[花生油,小葱,生姜,酱油,料酒,盐,蚝油,大蒜,白糖]",烧,家常味,新手尝试
319,毛血旺,"[米粉,鸭血,猪肉,火腿,莴笋,四季豆]","[豆瓣酱,干辣椒,盐,花椒,大蒜,冰糖,大葱,生姜,花生油,胡椒粉]",煮,香辣味,初中水平
320,榨菜烧肉,"[猪肉,榨菜]","[花生油,生姜,大蒜,小葱,花椒,八角,草果,桂皮,香叶,干辣椒,盐,料酒,酱油,冰糖]",炖,咸鲜味,初级入门
321,干锅菜花,[花菜],"[豆瓣酱,干辣椒,猪肉,花椒,白糖,花生油,大蒜,鸡精,盐,小葱,酱油,蚝油]",炒,香辣味,初中水平
322,和风大学芋,[红薯],"[白糖,酱油,醋,芝麻,花生油,盐]",炸,甜味,初级入门
323,猪肉烧萝卜,"[白萝卜,猪肉]","[花生油,酱油,蚝油,白糖,盐,大葱,生姜,干辣椒,料酒]",烧,家常味,新手尝试
324,洋葱炒蛋,"[洋葱,鸡蛋]","[辣椒,花生油,青椒,淀粉,酱油,料酒,盐,上海青,白糖]",炒,咸鲜味,未知
325,无水葱白花生油鸡,[鸡肉],"[花生油,盐,胡椒,料酒,小葱,生姜,香菜,辣椒]",焖,葱白香味,未知
326,把子肉,[猪肉],"[生姜,花生油,小葱,料酒,酱油,白糖,盐,花椒,肉桂,八角,陈皮]",煮,酱香味,初中水平
327,水饺,"[猪肉,小麦面粉]","[五香粉,黄瓜,花生油,酱油,蚝油,生姜,大葱,盐]",煮,家常味,初级入门
328,凉拌三丝,"[包菜,紫甘蓝,粉丝]","[花生油,味精,白糖,醋,蚝油,盐]",拌,家常味,未知
329,西红柿鸡肉汤,"[鸡肉,西红柿]","[盐,丝瓜,大葱,花生油]",煮,酸甜味,未知
330,炸鸡,[鸡肉],"[孜然,花生油,淀粉,盐,白糖,五香粉,大葱,生姜]",炸,家常味,初级入门
331,香辣水煮鱼,[草鱼],"[花生油,干辣椒,盐,生姜,花椒,酱油,大蒜,料酒,鸡精,胡椒]",煮,香辣味,中级掌勺
332,蛤蜊炖蛋,"[鸡蛋,蛤蜊]","[料酒,盐,花生油]",蒸,家常味,新手尝试
333,鲜肉粽子,"[糯米,猪肉]","[五香粉,料酒,酱油,盐,竹叶]",煮,咸鲜味,初级入门
334,木须肉,"[鸡蛋,黑木耳,青椒]","[猪肉,大葱,淀粉,白糖,盐,料酒,酱油,花生油,鸡精]",炒,其他口味,未知
335,蜜汁鸡翅饭,"[鸡翅,大米]","[花生油,番茄酱,香菇,酱油,生姜,蚝油,大葱,盐,淀粉]",煎,咸鲜味,新手尝试
336,酥肉,[猪肉],"[盐,花椒,料酒,胡椒粉,小麦面粉,淀粉,鸡蛋,花生油]",炸,咸鲜味,初级入门
337,炒粉丝,"[粉丝,鸡蛋]","[油菜,香菇,辣椒,花生油,辣椒酱,酱油,蚝油,鸡精,盐]",炒,家常味,新手尝试
338,鲫鱼蒸蛋羹,"[鲫鱼,鸡蛋]","[花生油,盐,韭菜]",蒸,家常味,初中水平
339,香烤蜜汁叉烧肉,[猪肉],"[花生油,生姜,大葱,大蒜,白糖,料酒,酱油,辣椒酱,盐]",烧,甜味,初级入门
340,猪肉火腿,"[猪肉,羊肝,米粉]","[盐,花生油,酱油,淀粉]",蒸,家常味,未知
341,红烧鸡腿,[鸡腿],"[花生油,大蒜,酱油,盐,鸡精,大葱,生姜]",烧,咸鲜味,初级入门
342,家常口水鸡,[鸡肉],"[花生油,料酒,花生,香菜,生姜,大葱,辣椒油,花椒,大蒜,醋,盐]",煮,香辣味,新手尝试
343,乌梅扣肉,"[猪肉,乌梅]","[八角,酱油,鸡精,白糖,料酒,小葱,香菜,盐,花生油]",蒸,家常味,初级入门
344,粉丝蒸娃娃菜,"[娃娃菜,粉丝]","[花生油,盐,白糖,蚝油,酱油,辣椒,大蒜,小葱]",蒸,咸鲜味,初级入门
345,冷面,[荞麦面],"[盐,辣椒酱,鸡蛋,黄瓜,白糖,酱油,大蒜,醋,芝麻,花生油]",煮,咸鲜味,新手尝试
346,香辣土豆牛腩,"[牛腩,土豆]","[花生油,酱油,蚝油,料酒,盐,淀粉,洋葱,辣椒]",炖,家常味,未知
347,莴笋炒猪肉,"[猪肉,莴笋]","[生姜,料酒,花生油,辣椒酱,酱油,淀粉,盐,白糖,辣椒]",炒,家常味,未知
348,芋头扣肉,"[牛腩,芋头]","[大蒜,腐乳,花生油,盐,白糖,蚝油,酱油,料酒]",蒸,家常味,新手尝试
349,荷塘小炒,"[莲藕,黑木耳,胡萝卜,荷兰豆]","[花生油,盐]",炒,家常味,新手尝试
350,白糖醋荷包蛋,"[鸡蛋,白糖]","[盐,酱油,醋]",炒,家常味,新手尝试
351,蜜汁叉烧,[猪肉],"[花生油,大葱,生姜,大蒜,料酒,白糖,辣椒酱,盐,酱油]",烧,酱香味,中级掌勺
352,电饭煲做快手猪肉,[猪肉],"[花生油,生姜,大葱,腐乳,酱油,盐]",炖,咸鲜味,新手尝试
353,爆炒鸭胗,[鸭胗],"[料酒,青椒,胡萝卜,大蒜,辣椒,花椒,盐,胡椒粉,淀粉,白糖,酱油,蚝油,生姜,花生油]",炒,咸鲜味,未知
354,黄豆烧猪蹄,"[猪蹄,黄豆]","[酱油,料酒,花椒,生姜,鸡精,干辣椒,冰糖,花生油,盐]",烧,家常味,初中水平
355,白灼菜心,[油菜],"[花生油,盐,大蒜,酱油,蚝油,白糖]",灼,家常味,初级入门
356,秘制肉酱,[猪肉],"[番茄酱,胡椒粉,花椒,八角,辣椒酱,大葱,料酒,生姜,桂皮,草果,花生油,盐]",炒,咸鲜味,初中水平
357,大蒜炒肉,"[大蒜,猪肉]","[豆瓣酱,料酒,酱油,白糖,蚝油,淀粉,胡椒粉,盐,花生油]",炒,咸鲜味,初级入门
358,避风塘茄子,[茄子],"[花生油,面包,小麦面粉,鸡蛋,盐,大蒜,酱油]",烧,咸鲜味,初中水平
359,蒜薹炒鸡丝,"[鸡肉,蒜薹]","[盐,料酒,淀粉,酱油,花生油,小葱,生姜,大蒜]",炒,家常味,未知
360,蒜薹炒肉,"[蒜薹,猪肉]","[盐,酱油,生姜,花生油,辣椒,淀粉,料酒,洋葱,鸡精]",炒,酱香味,初中水平
361,自制凉皮,[小麦面粉],"[辣椒粉,黄瓜,大葱,白糖,大蒜,醋,盐,苏打粉,香菜]",拌,酸辣味,未知
362,猪肉炒蒜薹,"[猪肉,蒜薹]","[生姜,花生油,辣椒,盐,酱油,醋,鸡精,淀粉,洋葱,料酒]",炒,家常味,新手尝试
363,芙蓉蛋羹虾,"[豆腐,鸡蛋,虾仁]","[青豆,盐,玉米,胡萝卜,大葱,大蒜,鸡胗,鸡精,花生油]",蒸,咸鲜味,初中水平
364,凉拌绝味千张,[千张],"[大蒜,花生,黄瓜,黑木耳,白糖,辣椒,花生油,酱油,醋,盐,鸡精,香菜]",拌,香辣味,未知
365,沙县拌面,[面条],"[花生油,盐,花生酱,猪油,大葱,大蒜,酱油]",拌,家常味,初级入门
366,大蒜香蒸芹菜,"[芹菜,大蒜]","[花生油,小麦面粉,盐,酱油,醋]",蒸,大蒜香味,中级掌勺
367,焦熘猪肉,[猪肉],"[花生油,青椒,胡萝卜,酱油,白糖,盐,芝麻]",熘,家常味,未知
368,豉花生油鸡,"[鸡肉,豆豉]","[花生油,盐,大葱,冰糖,生姜]",炖,家常味,初中水平
369,西红柿炒蛋,"[西红柿,鸡蛋]","[大葱,花生油,料酒,盐,白糖,大蒜,生姜]",炒,家常味,新手尝试
370,猪肉白菜炖粉条,"[白菜,猪肉,粉条]","[盐,酱油,料酒,蚝油,冰糖,生姜,小葱,花生油,大蒜]",炖,家常味,中级掌勺
371,文思豆腐羹,[豆腐],"[盐,火腿,香菇,黄瓜,淀粉,鸡精,料酒]",煮,家常味,初中水平
372,干锅娃娃菜,[娃娃菜],"[花生油,盐,猪肉,青椒,洋葱,小葱,干辣椒,大蒜,豆瓣酱,料酒,蚝油,白糖]",炒,香辣味,新手尝试
373,椒盐排骨,"[排骨,盐]","[花生油,大蒜,淀粉,大葱,生姜,酱油]",炸,咸鲜味,未知
374,大蒜丝蒸生蚝,"[生蚝,大蒜]","[花生油,粉丝,辣椒,小葱,盐,鸡精,蚝油,料酒]",蒸,咸鲜味,未知
375,红焖羊排,[羊排],"[料酒,花椒,酱油,蚝油,大葱,生姜,芝麻,冰糖,盐,花生油]",炖,家常味,初级入门
376,炒羊血,[羊血],"[花生油,花椒,八角,盐,大蒜,干辣椒,大葱,生姜,酒酿]",炒,家常味,新手尝试
377,蒲公英炒鸡蛋,"[蒲公英,鸡蛋]","[大葱,盐,花生油]",炒,家常味,未知
378,香方炸豆腐,[豆腐],"[鸡精,猪肉,香菇,芹菜,花生油,胡椒粉,酱油,盐,味精]",炸,家常味,中级掌勺
379,蒸豌豆,[豌豆],"[盐,鸡蛋,小麦面粉,酱油,蚝油,醋,猪油,大蒜]",蒸,家常味,新手尝试
380,辣拌萝卜丝,"[白萝卜,辣椒]","[花生油,辣椒粉,盐,白糖,小葱,大蒜,芝麻]",拌,其它口味,新手尝试
381,香煎鸡脯,[鸡肉],"[花生油,盐,蚝油,胡椒粉,辣椒酱,五香粉,孜然,生菜]",煎,咸鲜味,初级入门
382,西红柿牛腩,"[牛腩,西红柿]","[花生油,盐,生姜,大蒜,料酒,冰糖,大葱]",炖,茄汁味,初级入门
383,墨鱼干排骨汤,"[墨鱼,排骨]","[花生油,胡萝卜,黑木耳,生姜,醋,盐]",煮,咸鲜味,新手尝试
384,照烧鸡腿,[鸡腿],"[花生油,酱油,白糖,盐,料酒,胡椒粉]",烧,咸鲜味,新手尝试
385,青椒木耳炒鸡蛋,"[青椒,黑木耳,鸡蛋]","[大葱,大蒜,白糖,料酒,盐,鸡精,花生油]",炒,家常味,新手尝试
386,茨菰红烧肉,[猪肉],"[花生油,盐,淀粉,桂皮,大葱,冰糖,生姜,小葱,大蒜,料酒,八角]",烧,咸鲜味,新手尝试
387,土豆烧鸡肉,"[鸡肉,土豆]","[花生油,白糖,盐,生姜,酱油,辣椒,大葱,大蒜,料酒]",烧,家常味,新手尝试
388,核桃菠菜塔,"[核桃,菠菜]","[醋,花生,胡萝卜,白糖,盐,酱油,黑芝麻,大蒜,花生油]",煮,家常味,初级入门
389,牛肉炒西兰花,"[西兰花,牛肉]","[生姜,大蒜,花生油,胡椒粉,酱油,盐,白糖,淀粉]",炒,家常味,中级掌勺
390,自制酸辣无骨鸡爪,"[鸡爪,柠檬]","[花生油,大葱,生姜,花椒,醋,白糖,香菜,盐,料酒]",拌,酸辣味,初级入门
391,萝卜干炒腊肉,"[腊肉,白萝卜]","[花生油,盐,干辣椒,生姜,大蒜]",炒,家常味,未知
392,白菜肉丝炒年糕,"[白菜,年糕]","[花生油,胡萝卜,猪肉,盐,白糖,淀粉,味精]",炒,咸鲜味,未知
393,酸菜烧鸭,"[鸭肉,酸菜]","[花生油,盐,花椒,草果,料酒]",烧,酸辣味,中级掌勺
394,山药虾球,"[山药,虾]","[花生油,料酒,胡椒,生姜,大蒜,盐]",煎,奶香味,初中水平
395,酱烧老黄瓜,[黄瓜],"[花生油,豆瓣酱,大蒜,酱油,白糖,盐]",炒,酱香味,新手尝试
396,炒南瓜,[南瓜],"[花生油,辣椒,大蒜,盐,鸡精]",炒,家常味,未知
397,乌塌菜炒豆皮,[豆腐皮],"[料酒,猪肉,酱油,盐,大葱,花生油]",炒,家常味,未知
398,酱焖棒骨,[排骨],"[花生油,盐,生姜,八角,大蒜,干辣椒,香叶,桂皮]",炖,香辣味,未知
399,水晶虾饺,"[胡萝卜,虾仁,猪肉,小麦面粉]","[花生油,淀粉,盐,生姜,酱油]",蒸,咸鲜味,未知
400,西葫芦酿肉,"[西葫芦,猪肉]","[大蒜,小葱,料酒,花生油,鸡精,盐,酱油,淀粉,蚝油]",炒,咸鲜味,初级入门
401,香肠炒彩椒,"[香肠,辣椒]","[大葱,胡椒粉,生姜,酱油,盐,花生油]",炒,家常味,未知
402,清炒南美纯干青虾,[虾],"[花生油,盐,黄瓜,胡萝卜,酱油,大葱,大蒜]",炒,家常味,未知
403,香芋烧肉卷,"[猪肉,芋头]","[小麦面粉,花生油,白糖,盐]",蒸,咸鲜味,初级入门
404,大蒜苔炒鱿鱼,"[鱿鱼,蒜苔]","[盐,酱油,料酒,干辣椒,花椒,花生油]",炒,香辣味,新手尝试
405,五香牛肉,[牛肉],"[花生油,桂皮,盐,花椒,草果,白糖,丁香,料酒,大葱,香叶,八角]",炖,五香味,未知
406,烤牛肉串,[牛肉],"[盐,孜然,辣椒粉,花生油]",烤,香辣味,初中水平
407,千张肉丝,"[千张,猪肉]","[胡椒,酱油,花生油,大葱,辣椒,大蒜,盐]",炒,家常味,未知
408,烤鸡翅根,[鸡翅],"[花生油,小葱,生姜,酱油,白糖,蚝油,盐,料酒]",烤,家常味,未知
409,盐水鸭肝,[鸭肝],"[盐,花椒,生姜,八角,桂皮,料酒]",煮,家常味,初级入门
410,脱骨排骨,[排骨],"[盐,生姜,大葱,八角,桂皮,花椒,菊花,白糖,酱油,花生油]",煮,家常味,未知
411,家常炖豆腐,"[豆腐,鸡蛋]","[花生油,盐,鸡精,大葱,大蒜,辣椒,豆瓣酱,淀粉]",炖,咸鲜味,初级入门
412,米皮蔬菜卷,"[紫甘蓝,黑木耳,胡萝卜,黄瓜]","[芝麻酱,花生油,盐]",其它工艺,家常味,新手尝试
413,尖椒白萝卜丝,"[白萝卜,辣椒]","[醋,花生油,白糖,盐,小葱,大蒜]",拌,酸辣味,新手尝试
414,素炒三丝,"[杏鲍菇,韭菜,辣椒]","[花生油,大蒜,盐]",炒,家常味,初级入门
415,素炒腐竹,"[腐竹,胡萝卜]","[盐,淀粉,花生油,大蒜]",炒,家常味,新手尝试
416,家常红烧肉,[猪肉],"[花生油,盐,冰糖,大葱,淀粉,八角,酱油,桂皮,生姜,大蒜,料酒]",烧,五香味,初中水平
417,红烧牛肉面,"[牛肉,面条]","[花生油,花椒,盐,茴香,肉蔻,香叶,桂皮,干辣椒,生姜,大蒜,豆豉,料酒,白糖,八角]",煮,酱香味,初级入门
418,凉拌西兰花,[西兰花],"[酱油,醋,白糖,花生油,盐,大蒜]",拌,其它口味,新手尝试
419,手撕兔肉,[兔肉],"[花生油,盐,辣椒,料酒,大蒜,花椒]",拌,家常味,新手尝试
420,蔬菜鸡胸肉,"[鸡肉,西兰花]","[胡椒,辣椒,花生油,盐]",炒,咸鲜味,未知
421,水晶糯米烧卖,"[猪肉,糯米]","[花生油,盐,胡萝卜,虾皮]",蒸,家常味,新手尝试
422,大蒜香回锅肉,"[猪肉,豆腐]","[花生油,盐,大蒜,生姜,辣椒,白糖,酱油,豆豉]",炒,家常味,未知
423,老北京烤肉,[猪肉],"[大葱,蚝油,洋葱,生姜,辣椒粉,酱油,料酒,花生油,盐,白糖,辣椒]",煎,咸鲜味,新手尝试
424,白糖醋小排,[排骨],"[酱油,花生油,盐,大葱,蚝油,料酒,生姜,大蒜,冰糖,芝麻,醋]",炖,酸甜味,初级入门
425,黄豆烧猪蹄,"[猪蹄,黄豆]","[花生油,盐,料酒,花椒,冰糖,酱油,大葱,生姜,鸡精,干辣椒]",烧,家常味,初级入门
426,家常宫保鸡丁,"[鸡肉,花生,黄瓜]","[大葱,生姜,干辣椒,花椒,料酒,醋,白糖,淀粉,花生油,盐]",炒,家常味,初级入门
427,萝卜猪肉,"[猪肉,白萝卜]","[生姜,桂皮,八角,大葱,花生油,料酒,酱油,白糖,盐]",炖,家常味,初中水平
428,红烧肉末茄子,"[茄子,猪肉]","[花生油,盐,大葱,鸡精,生姜,大蒜,豆瓣酱,白糖,料酒,淀粉]",烧,家常味,中级掌勺
429,清蒸武昌鱼,[武昌鱼],"[花生油,生姜,大葱,大蒜,盐,料酒,酱油,醋,白糖,辣椒]",蒸,家常味,未知
430,白蛋炒饭,"[鸡蛋,大米]","[盐,花生油,小葱]",炒,咸鲜味,新手尝试
431,油淋生菜,[生菜],"[白糖,大蒜,辣椒,花生油,盐]",煮,家常味,初中水平
432,麻油仔姜鸡,[鸡肉],"[花生油,生姜,盐,料酒,大葱]",炒,姜汁味,高级厨师
433,红烧带鱼,[带鱼],"[花生油,大蒜,大葱,盐,生姜,酱油,干辣椒,料酒,醋,淀粉,白糖]",烧,咸鲜味,新手尝试
434,香菇蒸鸡腿,"[鸡腿,香菇,虫草花]","[花生油,大葱,生姜,盐,香菜]",蒸,家常味,新手尝试
435,菠菜瘦肉粥,"[大米,菠菜,猪肉]","[盐,鸡精]",煮,咸鲜味,初级入门
436,牛肉炖土豆,"[牛肉,土豆]","[花生油,胡萝卜,洋葱,大葱,盐,生姜,花椒,八角,香叶,辣椒,草果,桂皮,大蒜,豆瓣酱,白糖]",炖,咸鲜味,初级入门
437,鱿鱼香辣锅,"[槟榔,花菜,娃娃菜,金针菇,豆腐干,蛤蜊,鱿鱼]","[花生油,盐,辣椒粉]",煮,香辣味,初中水平
438,翡翠羊肉烧麦,"[小麦面粉,羊肉,猪肉,生菜,粉条]","[五香粉,大葱,生姜,酱油,盐,花生油]",蒸,咸鲜味,初级入门
439,自制辣椒酱,[辣椒],"[白糖,大蒜,生姜,盐]",腌,香辣味,新手尝试
440,四喜烤麸,"[黑木耳,黄花菜,花生,香菇]","[花生油,八角,盐,白糖,香叶,大葱]",烧,其它口味,初级入门
441,红烧藕圆,[莲藕],"[花生油,豌豆,盐,大葱,生姜,小麦面粉,白糖,胡椒粉,味精,淀粉]",烧,咸鲜味,初中水平
442,香辣藕片,[莲藕],"[花生油,盐,辣椒粉,五香粉,白糖,味精,黑芝麻,大蒜,香菜,醋,孜然,花椒,大葱,小葱]",拌,香辣味,新手尝试
443,豇豆炒肉,"[豇豆,猪肉]","[大蒜,盐,花生油,白糖,干辣椒,酱油]",炒,家常味,新手尝试
444,苹果烧鸡翅,"[苹果,鸡翅]","[花生油,番茄酱,醋,盐,白糖,大葱,生姜,料酒,大蒜]",烧,家常味,未知
445,酱香鸡爪,[鸡爪],"[花生油,盐,白糖,八角,大葱,生姜,大蒜]",炖,酱香味,未知
446,油煎蘑菇,[蘑菇],"[青椒,香菜,盐,花生油,料酒]",煎,黑椒味,新手尝试
447,香葱培根面包,"[小麦面粉,培根,鸡蛋]","[大葱,白糖,辣椒,盐,黄油]",烘焙,家常味,新手尝试
448,家乡回锅肉,"[猪肉,豆腐]","[辣椒,豆瓣酱,白糖,大蒜,生姜,料酒,大葱,盐,花生油]",炒,香辣味,初级入门
449,韭菜花炒肉丝,"[猪肉,韭菜]","[盐,花生油,淀粉,甜椒]",炒,家常味,初级入门
450,辣油拌菠菜,[菠菜],"[辣椒,花椒,鸡精,花生油,盐]",拌,麻辣味,未知
451,广式腊肉煲仔饭,"[香肠,大米]","[花生油,鸡蛋,西兰花,盐,白糖,蚝油,酱油]",煮,咸鲜味,初级入门
452,香炸多春鱼,[多春鱼],"[花生油,淀粉,料酒,盐,大葱,鸡蛋,小麦面粉,生姜]",炸,家常味,新手尝试
453,大蒜香甜辣肉酱,"[大蒜,猪肉]","[辣椒,大葱,生姜,白糖,花生油,盐,料酒,番茄酱]",拌,香辣味,新手尝试
454,芹菜炒腊肉,"[芹菜,腊肉]","[花生油,大蒜,盐,生姜,花椒,醋]",炒,家常味,未知
455,鲜虫草花木耳大盘蒸鸡,"[鸡肉,虫草花,黑木耳]","[花生油,盐,红枣,生姜,枸杞子]",蒸,咸鲜味,新手尝试
456,榨菜排骨蒸濑粉,"[排骨,榨菜]","[生姜,大蒜,花生油,盐,酱油,猪油,大葱]",蒸,家常味,新手尝试
457,蘑菇红烧肉,"[猪肉,蘑菇]","[料酒,大葱,生姜,胡萝卜,花生油,盐]",煮,家常味,未知
458,虾仁小炒,[虾],"[黄瓜,玉米,青豆,胡萝卜,花生油,盐,淀粉,花椒,生姜,料酒,干辣椒]",炒,咸鲜味,新手尝试
459,鱼香杏鲍菇,[杏鲍菇],"[花生油,盐,青椒,胡萝卜,黑木耳,大蒜]",炒,家常味,未知
460,麻辣鸡丝,[鸡肉],"[大葱,生姜,料酒,花生油,花椒,辣椒油,醋,白糖,盐,黑芝麻]",拌,麻辣味,初级入门
461,青椒炒肉皮,"[青椒,猪肉]","[花生油,黑木耳,盐,料酒,生姜,淀粉,大蒜,白糖,酱油]",炒,家常味,中级掌勺
462,芸豆红烧肉,"[猪肉,芸豆]","[花生油,盐,大葱,生姜,大蒜,花椒,干辣椒,草果,豆瓣酱,白糖]",烧,家常味,未知
463,酸萝卜丝炒肉沫,"[胡萝卜,猪肉]","[花生油,盐,大蒜,酱油]",炒,酸辣味,未知
464,蒸茼蒿,[茼蒿],"[大蒜,花生油,盐,小麦面粉,酱油,醋]",蒸,大蒜香味,新手尝试
465,大蒜香炸鸡翅,"[大蒜,鸡翅]","[花生油,料酒,盐,小麦面粉,胡椒粉]",炸,大蒜香味,初级入门
466,麻酱宽粉,[粉条],"[黄瓜,花生油,辣椒油,盐,胡萝卜,香菜,大蒜,大葱,辣椒,黑芝麻,醋]",拌,麻酱味,未知
467,口蘑小馒头,[小麦面粉],"[白糖,盐]",蒸,家常味,中级掌勺
468,凉菜口水鸡,[鸡肉],"[花生油,大葱,盐,辣椒,白糖,花椒,醋,生姜,大蒜,料酒,黑芝麻,辣椒油]",煮,香辣味,初级入门
469,香辣黄瓜小菜,[黄瓜],"[花椒,胡萝卜,白萝卜,干辣椒,白糖,花生油,生姜,大蒜,盐]",腌,香辣味,未知
470,葱香小海虾,[虾],"[大葱,料酒,酱油,盐,花生油]",炒,咸鲜味,未知
471,回锅龙利鱼,[龙利鱼],"[花生油,盐,豆瓣酱,豆豉,生姜,料酒,白糖]",煮,咸鲜味,未知
472,鸡肉汉堡,"[小麦面粉,鸡肉]","[生菜,蜂蜜,黄油,白糖,盐,番茄酱,酱油,料酒,胡椒粉]",烘焙,咸鲜味,初中水平
473,开胃脆皮茄子,[茄子],"[花生油,番茄酱,鸡蛋,小麦面粉,大葱,盐,辣椒,生姜]",炒,酸甜味,新手尝试
474,牙签肉,[猪肉],"[花生油,盐,花椒,胡椒粉,料酒,芝麻,辣椒粉,生姜,大蒜,小葱,酱油,干辣椒,孜然]",烤,香辣味,未知
475,茄子酿肉,"[茄子,猪肉]","[花生油,盐,酱油,白糖,醋,辣椒油,青椒,大蒜,大葱]",蒸,香辣味,初级入门
476,家庭自制西红柿锅,"[羊肉,西红柿,金针菇,洋葱,豆腐,海带,香菇,生菜,鸡蛋]","[花生油,盐,大蒜]",煮,家常味,未知
477,蟹肉煲,[螃蟹],"[大葱,鸡爪,土豆,洋葱,盐,生姜,大蒜,豆豉,白糖,花生油]",炒,酱香味,初中水平
478,大蒜香鸡翅,"[大蒜,鸡翅]","[盐,花生油,白糖,干辣椒,大葱,酱油,醋,大蒜,胡椒粉,花生]",煎,大蒜香味,初级入门
479,金玉满堂,"[玉米,胡萝卜,芹菜,香菇,洋葱]","[花生油,生姜,大蒜,胡椒粉,盐]",炒,酱香味,初中水平
480,猪肉白菜饺子,"[猪肉,白菜,小麦面粉]","[盐,料酒,花生油,生姜,大葱]",煮,家常味,新手尝试
481,炸萝卜肉丸,"[白萝卜,猪肉,小麦面粉]","[花生油,鸡蛋,大葱,料酒,盐,胡椒]",炸,葱香味,未知
482,猪肉干,[猪肉],"[大葱,盐,胡椒粉,白糖,椒盐,辣椒粉,黑芝麻]",烘焙,香辣味,未知
483,干炸响铃,"[猪肉,豆腐皮]","[花生油,料酒,盐,鸡精,五香粉,大葱]",炸,咸鲜味,初级入门
484,芝麻烤馒头,[小麦面粉],"[黑芝麻,鸡蛋,白糖,花生油]",烘焙,甜味,新手尝试
485,辣炒苦瓜,"[苦瓜,辣椒]","[花生油,盐]",炒,家常味,未知
486,辣子鸡丁,[鸡肉],"[花生油,辣椒,花生,生姜,大蒜,干辣椒,花椒,盐,料酒,白糖,黑芝麻,大葱]",爆炒,麻辣味,中级掌勺
487,土豆烧牛肉,"[牛肉,土豆]","[花生油,大葱,生姜,小葱,大蒜,干辣椒,盐,白糖,酱油,豆瓣酱,蚝油]",炖,酱香味,新手尝试
488,玉米鸡蛋饼,"[玉米,鸡蛋,小麦面粉]","[盐,胡椒粉,花生油,胡萝卜,大葱]",烙,家常味,新手尝试
489,虹豆生煎包,"[小麦面粉,猪肉]","[大葱,生姜,盐,五香粉,花生油,味精]",蒸,家常味,初级入门
490,麻婆牛筋豆腐,"[牛肉,豆腐]","[花生油,盐,豆瓣酱,辣椒油,白糖,醋,花椒,料酒,大蒜]",烧,麻辣味,新手尝试
491,野生酸菜鱼,"[青鱼,酸菜]","[香菜,大蒜,淀粉,大葱,辣椒,花椒,醋,胡椒粉,盐,花生油,干辣椒,生姜]",烧,酸辣味,未知
492,莲藕焖猪肉皮,"[莲藕,猪肉]","[花生油,盐,洋葱,大蒜,芹菜,胡萝卜]",炖,家常味,未知
493,清蒸梭子蟹,[螃蟹],"[大葱,生姜,大蒜,花椒,八角,醋,盐,白糖]",烧,咸鲜味,初级入门
494,芽菜扣肉,[猪肉],"[花生油,盐,生姜,大葱,料酒,蜂蜜,花椒,鸡精]",蒸,咸鲜味,初中水平
495,凉拌金针菇,[金针菇],"[醋,大蒜,辣椒,大葱,盐,花生油,胡萝卜,黄瓜,酱油,白糖,香菜]",拌,咸鲜味,初级入门
496,香辣口水鸡,[鸡肉],"[料酒,醋,白糖,盐,黑芝麻,大葱,生姜,花生,辣椒油,花生油,大蒜,花椒]",煮,麻辣味,新手尝试
497,金瓜粉蒸肉,"[猪肉,鸡爪]","[大葱,生姜,花椒,腐乳,白糖,盐,五香粉,米粉]",蒸,五香味,中级掌勺
498,水煮肉片,[猪肉],"[盐,黄豆芽,花生油,干辣椒,花椒,淀粉,大葱,豆瓣酱,大蒜,料酒,辣椒油,酱油,鸡精,白糖]",煮,香辣味,中级掌勺
499,鲜辣口水鸡,[鸡肉],"[花生,黑芝麻,花椒,料酒,大蒜,大葱,辣椒油,生姜,花生油,白糖,醋,盐]",煮,香辣味,新手尝试
500,胡萝卜炒香菇,"[香菇,胡萝卜]","[生姜,花生油,盐,大蒜]",炒,咸鲜味,新手尝试
501,口蘑炒荷兰豆,"[猪肉,口蘑,荷兰豆]","[生姜,大蒜,酱油,黑木耳,盐,花生油]",炒,家常味,新手尝试
502,虾仁炒鸡蛋,"[虾仁,鸡蛋]","[花生油,大葱,胡椒粉,料酒,大蒜,盐]",炒,家常味,新手尝试
503,土豆木耳炒肉,"[土豆,黑木耳,猪肉]","[花生油,火腿,淀粉,盐,豆瓣酱]",炒,家常味,未知
504,酱肉鸡,[鸡肉],"[生姜,大葱,辣椒,料酒,盐,花生油]",煮,家常味,初级入门
505,海鲜菇炒肉,"[蘑菇,猪肉]","[花生油,料酒,盐,酱油,蚝油,豆瓣酱,大葱,生姜,大蒜]",炒,家常味,初中水平
506,锅巴辣子鸡,[鸡肉],"[花生油,花生,干辣椒,生姜,大蒜,花椒,辣椒,料酒,胡椒粉,鸡精,白糖,盐]",爆炒,麻辣味,初中水平
507,淮南牛肉汤,[牛肉],"[花生油,豆腐皮,粉条,花椒,大葱,陈皮,生姜,料酒,盐]",炖,咸鲜味,初级入门
508,青椒炒土豆片,"[土豆,青椒]","[小葱,盐,花生油,鸡精,酱油,辣椒,五香粉]",炒,其他口味,未知
509,干锅土豆牛蛙,"[牛蛙,土豆]","[料酒,盐,花生油,生姜,大葱,大蒜,洋葱,辣椒]",炸,咸鲜味,未知
510,柴火鸡,[鸡肉],"[辣椒,土豆,紫薯,花生油,豆瓣酱,干辣椒,花椒,八角,桂皮,香叶,盐]",炖,家常味,初级入门
511,牛肉干,[牛肉],"[小葱,酱油,生姜,花生油,料酒,茴香,鸡精,白糖,盐,辣椒粉,五香粉]",炒,家常味,初级入门
512,干锅茶树菇鸡块,"[鸡肉,茶树菇]","[花生油,盐,豆瓣酱,大蒜,干辣椒,青椒,大葱,白糖]",炒,麻辣味,初级入门
513,炒生菜,[生菜],"[大蒜,辣椒,花生油,盐,淀粉]",炒,大蒜香味,新手尝试
514,西红柿咖喱鸡肉丸子,"[鸡肉,咖喱,西红柿]","[鸡蛋,油菜,料酒,盐,鸡精,胡椒粉,大葱,花生油,淀粉]",煮,咖喱味,初级入门
515,葱花鸡蛋饼,"[小麦面粉,鸡蛋,大葱]","[花椒,盐,花生油]",烤,咸鲜味,初级入门
516,果醋鱼香茄子,"[茄子,青椒,胡萝卜,猪肉]","[花生油,盐,大葱,生姜,大蒜,料酒,醋,白糖,淀粉]",烧,鱼香味,中级掌勺
517,清爽椰油拌沙拉,"[莲藕,西红柿,胡萝卜,香菇,洋葱,柠檬]","[盐,椰子油,白糖,大葱]",拌,酸甜味,中级掌勺
518,红椒炒虾仁,"[虾,辣椒]","[花生油,大葱,盐,生姜,料酒]",炒,咸鲜味,新手尝试
519,空气炸锅版烤羊排,[羊排],"[花生油,洋葱,盐,料酒,胡椒粉,孜然,干辣椒,花椒,八角,大葱,生姜,酱油,蚝油]",烤,麻辣味,初级入门
520,山药炒木耳,"[黑木耳,山药]","[花生油,生姜,青椒,大蒜,料酒,盐,白糖]",炒,家常味,新手尝试
521,土豆烧肉,"[土豆,猪肉]","[花生油,盐,大葱,生姜,酱油,蚝油,冰糖,白糖,醋,料酒]",烧,咸鲜味,初级入门
522,麻辣鱼,[草鱼],"[豆瓣酱,干辣椒,泡椒,花生油,盐,大葱,生姜,料酒,大蒜]",烧,麻辣味,初中水平
523,白切鸡,[鸡肉],"[花生油,白糖,酱油,盐,小葱,生姜,料酒]",煮,家常味,初级入门
524,青菜烧肉丸,[猪肉],"[花生油,盐,大葱,生姜,鸡蛋,淀粉,酱油,胡椒粉,白糖,鸡精]",烧,家常味,初级入门
525,锅包肉,[猪肉],"[黄瓜,盐,淀粉,花生油,生姜,大蒜,醋,白糖,大葱,料酒,酱油]",炸,酸甜味,中级掌勺
526,凉拌素什锦,"[豇豆,胡萝卜,黄豆芽,豆腐]","[花生油,花椒,小葱,大蒜,盐,酱油,醋,白糖,味精,香菜]",拌,家常味,初级入门
527,素焖三鲜,"[莴笋,莲藕,胡萝卜]","[花生油,大蒜,小葱,香菜,盐,白糖]",炒,家常味,初级入门
528,回锅肉,"[猪肉,豆腐]","[花生油,大蒜,辣椒,白糖,豆瓣酱,生姜,盐,料酒,大葱,洋葱]",炒,家常味,未知
529,荷叶糯米鸡,"[荷叶,鸡肉,糯米]","[料酒,腊肉,胡椒粉,蚝油,盐,白糖,花生油]",蒸,咸鲜味,新手尝试
530,藤椒鱼,[青鱼],"[花生油,豆瓣酱,料酒,盐,干辣椒,小葱,黄豆芽,鸡蛋]",煮,香辣味,新手尝试
531,酸辣炝藕丁,[莲藕],"[花生油,花椒,醋,辣椒,冰糖,盐,小葱]",泡,酸甜味,新手尝试
532,樱桃肉,[猪肉],"[淀粉,花生油,山楂,冰糖,料酒,盐,番茄酱]",砂锅,甜味,初中水平
533,红烧鳊鱼,[鳊鱼],"[花生油,盐,洋葱,辣椒,生姜,花椒,大葱,大蒜,豆瓣酱,淀粉,料酒]",微波,家常味,初级入门
534,红烧鱼,[鲈鱼],"[豆瓣酱,盐,料酒,大蒜,大葱,生姜,酱油,白糖,八角,花生油]",烧,家常味,新手尝试
535,蒜蓉粉丝娃娃菜,"[娃娃菜,粉丝,大蒜]","[花生油,盐,白糖,蚝油,小葱]",蒸,家常味,新手尝试
536,脆皮五花肉,[猪肉],"[花生油,孜然粉,生姜,干辣椒,盐,白糖,孜然,醋,桂皮]",烤,蒜香味,初级入门
537,香菇西芹五花肉,"[猪肉,西芹,香菇]","[花生油,盐,蒜苗,大蒜,生姜,料酒,蚝油,酱油]",烧,家常味,初级入门
538,小米香菇蒸排骨,"[排骨,香菇,小米]","[蚝油,料酒,盐,白糖,小葱]",蒸,咸鲜味,新手尝试
539,酱黄豆,[黄豆],"[盐,花生油,八角,冰糖,生姜,花椒]",焖,家常味,新手尝试
540,茄汁鸡肉丸,"[鸡肉,小麦面粉]","[生姜,鸡蛋,小葱,淀粉,花生油,盐,白糖,料酒]",煮,酸甜味,初级入门
541,嫩滑蒸鸡翅,[鸡翅],"[淀粉,白糖,酱油,蚝油,盐,花生油,大葱,生姜,大蒜]",蒸,家常味,新手尝试
542,油呛茄子,[茄子],"[鸡精,花生油,盐,蚝油,大蒜,小葱]",蒸,家常味,新手尝试
543,京酱肉丝,"[猪肉,黄瓜]","[盐,料酒,淀粉,蚝油,白糖,花生油,小葱,豆腐皮,大葱,豆瓣酱,酱油]",炒,家常味,新手尝试
544,香煎马鲛鱼,[马鲛鱼],"[花生油,盐,小葱,大蒜,生姜,蚝油,醋,白糖,孜然]",煎,家常味,新手尝试
545,香辣石屏小豆腐,[豆腐],"[花生油,青椒,盐,香菜,八角,生姜,蚝油,白糖]",炒,香辣味,未知
546,粉条烧土鸡,"[鸡肉,粉条]","[花生油,干辣椒,生姜,大蒜,料酒,盐,小葱,八角,茴香,冰糖,豆瓣酱,醋]",烧,家常味,中级掌勺
547,酱香红烧肉,[猪肉],"[盐,冰糖,生姜,淀粉,花生油,桂皮,大葱,酱油,八角,料酒,大蒜]",烧,家常味,初中水平
548,番茄荷包蛋,"[西红柿,鸡蛋]","[盐,花生油,孜然,胡椒粉,香菜,大蒜]",烧,家常味,初级入门
549,白灼秋葵,[秋葵],"[花生油,白糖,蚝油,盐,大蒜]",煮,咸鲜味,未知
550,家常小炒肉,"[猪肉,青椒]","[花生油,料酒,大蒜,盐,白糖,淀粉]",炒,咸鲜味,初级入门
551,玉米炒鸡丁,"[鸡肉,玉米]","[花生油,盐,蚝油,料酒,干辣椒,生姜,白糖,醋]",炒,家常味,初中水平
552,排骨炖土豆,"[排骨,土豆]","[大葱,花生油,生姜,料酒,冰糖,酱油,蚝油,大蒜,香叶,干辣椒,盐,鸡精]",炖,咸鲜味,初级入门
553,黄酒神仙鸡,[鸡肉],"[花生油,猪蹄,猪肉,盐,生姜,小葱,冰糖,蚝油,八角,香叶]",焖,咸鲜味,未知
554,干锅土豆,[土豆],"[生姜,大蒜,盐,花生油,辣椒,大葱,豆瓣酱,鸡精,花椒,料酒]",炒,香辣味,初中水平
555,金针肉末烧茄子,"[茄子,金针菇,猪肉]","[花生油,大蒜,生姜,盐,蚝油,白糖]",烧,咸鲜味,初级入门
556,红烧狮子头,[猪肉],"[花生油,生姜,大葱,淀粉,盐,料酒,冰糖,鸡蛋,酱油,八角,桂皮,五香粉,白菜]",烧,家常味,初中水平
557,豆腐茄子煲,"[豆腐,茄子,香菇]","[大蒜,辣椒,花生油,酱油,蚝油,盐]",其它工艺,酱香味,未知
558,红焖海虾,[虾],"[盐,蚝油,大蒜,花生油,小葱,辣椒]",焖,家常味,初级入门
559,芸豆炒牛肉,"[芸豆,牛肉]","[花生油,料酒,盐,淀粉,蚝油,小葱,大蒜]",炒,家常味,未知
560,空气炸锅番茄炒蛋,"[鸡蛋,西红柿]","[大葱,鸡精,白糖,盐,花生油,生姜,大蒜]",烤,酸甜味,中级掌勺
561,五花肉烧莲藕,"[猪肉,莲藕]","[花生油,盐,白糖,生姜,酱油]",烧,咸鲜味,未知
562,地狱猪蹄,[猪蹄],"[玉米,花生油,蒜苗,香菇,生姜,盐,豆瓣酱,茴香]",煮,香辣味,未知
563,海鲜烩豆腐,"[豆腐,虾仁]","[盐,花生油,淀粉,大葱,青椒]",煮,咸鲜味,新手尝试
564,麻辣水煮鱼,[草鱼],"[花生油,黄豆芽,盐,料酒,胡椒粉,辣椒粉,花椒,大葱,大蒜,小葱,干辣椒,香菜,淀粉]",煮,香辣味,初中水平
565,红烧鸡翅中,[鸡翅],"[花生油,盐,小葱,生姜,大蒜,冰糖,料酒,干辣椒,蚝油,酱油]",红烧,家常味,未知
566,干煸猪腰,[猪腰],"[花生油,盐,味精,辣椒,芝麻,孜然]",干煸,香辣味,未知
567,鱼香豆腐,[豆腐],"[花生油,盐,鸡精,白糖,豆瓣酱]",炒,家常味,中级掌勺
568,酸菜鱼,"[草鱼,酸菜]","[香菜,花生油,盐,料酒,大葱,大蒜,醋,辣椒,花椒,干辣椒,胡椒粉,淀粉,生姜]",烧,酸辣味,初级入门
569,大蒜泥拌鸡蛋,"[鸡蛋,大蒜]","[花生油,辣椒,大葱,盐,醋]",拌,家常味,新手尝试
570,京酱肉丝卷,"[猪肉,黄瓜]","[花生油,豆腐皮,盐,料酒,白糖,大葱,淀粉,豆瓣酱,酱油,小葱]",炒,酱香味,初级入门
571,五彩养颜拌六丝,"[绿豆芽,豆腐皮,胡萝卜,黄瓜,黑木耳,香菜]","[花生油,盐,辣椒油,蜂蜜,柠檬]",拌,家常味,新手尝试
572,胡萝卜毛豆炒肉丁,"[毛豆,胡萝卜,猪肉]","[花生油,盐,辣椒,生姜,大蒜]",炒,咸鲜味,新手尝试
573,凉拌扇贝,[扇贝],"[花生油,盐,大蒜,花椒,生姜,蚝油,料酒,白糖,胡椒粉]",煮,咸鲜味,未知
574,干锅花菜,[花菜],"[花生油,猪肉,盐,鸡精,生姜,花椒,料酒,豆瓣酱,酱油,大蒜,蚝油,白糖]",炒,家常味,初级入门
575,辣椒炒土豆片,"[土豆,青椒]","[料酒,酱油,盐,鸡精,大葱,花生油]",炒,家常味,未知
576,炒西兰花,[西兰花],"[大蒜,小葱,料酒,酱油,盐,鸡精,大葱,花生油,辣椒]",炒,家常味,未知
577,土豆炖鸡,"[鸡肉,土豆]","[花生油,料酒,蚝油,白糖,酱油,辣椒,生姜,大葱,盐,大蒜]",炖,家常味,初级入门
578,小大蒜炒肉片,"[猪肉,大蒜]","[花生油,盐,白糖,酱油,胡椒粉,料酒,淀粉,豆瓣酱,蚝油]",炒,家常味,未知
579,凉拌土豆丝,[土豆],"[花生油,盐,大蒜,干辣椒,生姜,辣椒油,白糖,小葱]",拌,香辣味,中级掌勺
580,茄子焖土豆,"[茄子,土豆]","[豆瓣酱,大葱,盐,花生油,白糖,鸡精]",焖,家常味,新手尝试
581,电饭煲红烧羊肉,[羊肉],"[生姜,料酒,胡萝卜,大葱,干辣椒,酱油,八角,桂皮,花椒,冰糖,花生油,盐,胡椒粉,辣椒,茴香]",焖,家常味,初中水平
582,火腿焖笋,"[火腿,竹笋]","[大葱,花生油,白糖,盐]",焖,咸鲜味,初级入门
583,大盘鸡,"[鸡肉,土豆,青椒]","[花生油,干辣椒,盐,生姜,花椒,大葱,八角,桂皮,香叶,豆瓣酱,料酒,酱油,蚝油,白糖,香菜,鸡精]",炖,咸鲜味,中级掌勺
584,白切鸡腿,[鸡腿],"[生姜,花生油,大葱,盐,辣椒,芝麻,花椒,大蒜,醋,白糖]",煮,家常味,新手尝试
585,麻辣羊蝎子火锅,[羊蝎子],"[大葱,花生油,花椒,香叶,干辣椒,茴香,八角,料酒,盐,五香粉,生姜]",炖,麻辣味,未知
586,芦笋香肠,"[芦笋,香肠]","[甜椒,花生油,盐,生姜]",炒,家常味,初级入门
587,白菜炖土豆,"[白菜,土豆]","[花生油,猪肉,大葱,生姜,盐,鸡精,八角,胡椒粉,酱油]",炖,家常味,初中水平
588,彩椒炒肉,"[猪肉,辣椒]","[花生油,盐,料酒,生姜,大蒜,白糖,淀粉,大葱]",炒,家常味,新手尝试
589,"酱味茼蒿,偏甜口",[茼蒿],"[花生油,盐,豆瓣酱,酱油,白糖,大蒜]",炒,家常味,未知
590,西芹炒肉片,"[猪肉,西芹]","[淀粉,盐,生姜,料酒,大蒜,花生油]",炒,家常味,新手尝试
591,炒河粉,"[米粉,鸡蛋,香菇]","[胡萝卜,大葱,盐,花生油]",炒,家常味,新手尝试
592,上汤黑豆苗,[豌豆苗],"[大葱,咸鸭蛋,鸡蛋,盐,大蒜,花生油]",烧,咸鲜味,未知
593,干拌面,[面条],"[花生油,黄瓜,大蒜,小葱,醋,辣椒油,盐,白糖]",煮,家常味,中级掌勺
594,炒西葫芦,[西葫芦],"[花生油,盐,醋,白糖,酱油]",炒,家常味,未知
595,爽脆醋萝卜,[白萝卜],"[花生油,辣椒,盐,醋,白糖]",腌,酸甜味,新手尝试
596,五彩缤纷,"[香菇,南瓜,山药,胡萝卜,黄瓜]","[大蒜,大葱,料酒,盐,白糖,鸡精,花生油]",炒,咸鲜味,未知
597,比肉还香的元蘑爆炒大白菜,[白菜],"[花生油,盐,胡萝卜,花椒]",炒,家常味,初级入门
598,西红柿烧肉,"[牛腩,西红柿]","[花生油,生姜,大蒜,八角,豆瓣酱,酱油,料酒]",炖,家常味,新手尝试
599,小炒肉,"[猪肉,青椒]","[花生油,大蒜,料酒,酱油,淀粉,盐]",炒,香辣味,未知
600,玉米炒肉沫,"[玉米,猪肉]","[料酒,胡萝卜,盐,淀粉,花生油,大蒜]",炒,家常味,未知
601,卤鸡胗,[鸡胗],"[花生油,莲藕,盐,生姜,料酒,大葱,大蒜]",卤,家常味,未知
602,凉拌猪尾巴,[猪尾],"[辣椒油,料酒,辣椒,香菜,盐,生姜,酱油]",卤,家常味,中级掌勺
603,春天里的腌笃鲜,"[咸肉,排骨,春笋]","[料酒,盐,生姜,大葱]",炖,咸鲜味,初级入门
604,香菜拌木耳,"[黑木耳,香菜]","[花椒,辣椒,醋,料酒,盐,鸡精,生姜,大蒜]",拌,酸辣味,新手尝试
605,腊味煲仔饭,"[大米,腊肉]","[盐,白糖,生姜,花生油,大葱]",砂锅,家常味,新手尝试
606,帕玛森牛肉意式千层面,"[牛肉,面条]","[胡椒,西红柿,奶酪,盐,白糖,花生油,洋葱,大蒜]",烘焙,其它口味,初级入门
607,红烧鸡蛋,[鸡蛋],"[花生油,大葱,大蒜,盐,白糖]",烧,家常味,初中水平
608,干锅土豆片,[土豆],"[生姜,大蒜,花椒,盐,大葱,辣椒,花生油,豆瓣酱,鸡精,料酒]",炒,家常味,未知
609,小炖娃娃菜,[娃娃菜],"[花生油,西红柿,火腿,大蒜,粉条,枸杞子,盐]",炖,咸鲜味,未知
610,腐乳烧带鱼,"[带鱼,腐乳]","[花生油,盐,白糖,料酒,醋,大葱]",烧,咸鲜味,初级入门
611,客家小炒,"[猪肉,豆腐干,鱼干,水芹菜]","[花生油,盐,辣椒,大蒜,大葱,料酒,黑芝麻]",炒,咸鲜味,新手尝试
612,土豆粉条炖红烧肉,"[猪肉,土豆,粉条]","[花生油,盐,八角,香叶,大葱,生姜,白糖,料酒]",炖,咸鲜味,初中水平
613,低油版鱼香茄子,[茄子],"[豆瓣酱,花生油,辣椒,醋,酱油,白糖,盐,淀粉,大蒜,大葱]",炒,香辣味,新手尝试
614,杂蔬炒肉丝,[猪肉],"[花生油,杏鲍菇,西芹,花椒,鸡精,盐,淀粉,甜椒]",炒,家常味,中级掌勺
615,熘鸡块,[鸡肉],"[花生油,黄瓜,胡萝卜,白糖,盐,鸡精,胡椒粉,淀粉]",熘,其它口味,未知
616,黄焖鸡,"[鸡肉,土豆,香菇]","[花生油,盐,料酒,大葱,生姜,大蒜,干辣椒,辣椒]",焖,咸鲜味,初级入门
617,鸟巢鸡蛋饼,"[鸡蛋,小麦面粉]","[花生油,土豆,胡萝卜,莲藕,大葱,盐,白糖,胡椒粉]",煎,家常味,初级入门
618,茄汁带鱼,"[带鱼,西红柿]","[花生油,洋葱,胡椒粉,盐,生姜,白糖,番茄酱]",炖,茄汁味,未知
619,西兰花炒鸡,"[鸡肉,西兰花]","[花生油,盐,生姜,八角,花椒,辣椒]",炒,咸鲜味,初中水平
620,香菇炒肉丝,"[香菇,猪肉]","[鸡精,花生油,盐,胡椒粉,大葱,料酒,淀粉,生姜,大蒜]",炒,家常味,新手尝试
621,鱼香茄子煲,"[茄子,青椒]","[盐,花生油,辣椒油,大葱,大蒜,辣椒]",煲,家常味,初级入门
622,火龙果炒虾仁,"[虾仁,腰果,火龙果]","[花生油,盐,洋葱,辣椒]",炒,咸鲜味,未知
623,家常炖牛腩,[牛腩],"[花生油,料酒,鸡精,酱油,大葱,大蒜,干辣椒,生姜,八角,香叶,盐,胡萝卜,陈皮,豆瓣酱]",炖,家常味,未知
624,家常拌豆苗,[豌豆苗],"[盐,花生油,辣椒,大蒜,酱油]",拌,咸鲜味,未知
625,鲜味浓郁的蟹壳炖南瓜,"[南瓜,螃蟹]","[白糖,花生油,大葱,盐]",炖,咸鲜味,未知
626,毛豆炒肉,"[毛豆,猪肉]","[花生油,盐,酱油,生姜,青椒,料酒,辣椒]",炒,酸辣味,中级掌勺
627,虾仁蛋滑西兰花,"[蛋黄,西兰花,虾]","[花生油,香菇,大蒜,盐,大葱,淀粉,蚝油,酱油,鸡精,白糖,五香粉,胡椒粉]",炒,大蒜香味,未知
628,大蒜炒猪肉,"[大蒜,猪肉]","[盐,白糖,酱油,鸡精,花生油,料酒,大葱,辣椒]",炒,家常味,新手尝试
629,芦笋炒肉,"[芦笋,猪肉]","[盐,鸡精,花生油,酱油,花椒,辣椒,大蒜]",炒,家常味,未知
630,砂锅猪肉,[猪肉],"[花生油,盐,白糖,大蒜,生姜,大葱,八角,干辣椒,酒酿,酱油]",煮,家常味,未知
631,香辣脆脆黄瓜,"[黄瓜,辣椒]","[酱油,醋,白糖,盐,芝麻,花生油,生姜,大蒜]",腌,酸辣味,新手尝试
632,香辣烤莲藕片,[莲藕],"[花生油,洋葱,生姜,干辣椒,大葱,小葱,辣椒粉,黑芝麻,蚝油,五香粉,酒酿,盐,孜然,花椒,白糖]",烤,香辣味,初级入门
633,白糖醋猪肉,[猪肉],"[花生油,料酒,盐,鸡精,胡椒粉,淀粉,番茄酱,白糖,醋,芝麻,大葱,生姜,鸡蛋]",焖,家常味,新手尝试
634,鱼香茄盒,"[茄子,猪肉,小麦面粉,鸡蛋]","[花生油,盐,蚝油,料酒,淀粉,大葱,大蒜,酱油,醋,白糖]",炒,家常味,新手尝试
635,照烧鸡腿饭,"[鸡腿,大米]","[花生油,酱油,料酒,蜂蜜,盐,大葱,生姜,大蒜,胡椒]",烧,家常味,中级掌勺
636,卷煎,"[猪肉,千张]","[花生油,酱油,料酒,盐,五香粉,鸡精,淀粉,蚝油,小葱,大蒜]",炒,家常味,新手尝试
637,美味鱼香猪肉,"[猪肉,黑木耳,胡萝卜]","[花生油,豆瓣酱,白糖,干辣椒,醋,酱油,料酒,盐,淀粉,大葱,大蒜,生姜]",炒,家常味,初中水平
638,蚝油生菜,"[生菜,蚝油]","[大蒜,酱油,淀粉,盐,花生油,白糖,大葱,生姜]",炒,家常味,新手尝试
639,孜然烤肉串,[鸡肉],"[花生油,辣椒,洋葱,料酒,酱油,蚝油,盐,白糖,辣椒酱,芝麻,孜然,辣椒粉]",烤,其它口味,初级入门
640,酸辣鸡胗,[鸡胗],"[大葱,蒜薹,辣椒,生姜,泡椒,酱油,料酒,白糖,盐,花生油,醋]",炒,酸辣味,新手尝试
641,酱爆鸡丁,[鸡肉],"[辣椒,大葱,黄瓜,淀粉,白糖,盐,番茄酱,料酒,花生油,豆瓣酱]",炒,其他口味,未知
642,酒酿香卤鹌鹑蛋,"[鹌鹑蛋,酒酿]","[白豆蔻,香叶,豆瓣酱,鸡精,蚝油,干辣椒,冰糖,酱油,盐,花椒,八角,桂皮]",煮,香辣味,未知
643,蒜薹猪肉,"[蒜薹,猪肉]","[花生油,盐,酱油,白糖,料酒,生姜,豆瓣酱]",炒,家常味,初级入门
644,拔丝芋头,[芋头],"[花生油,淀粉,白糖]",炸,甜味,新手尝试
645,"一碗芝麻酱锅里一倒,出锅太香了,鲜嫩入味",[鸡肉],"[花生油,盐,料酒,土豆,洋葱,金针菇,酱油,蚝油,花生酱,芝麻酱]",炖,家常味,未知
646,大蒜丝烤海鲜碗,"[粉丝,毛蛤蜊,基围虾]","[大蒜,小葱,蚝油,酱油,盐,辣椒酱,胡椒粉,料酒]",烤,香辣味,初级入门
647,香辣鱼头煲,[鱼头],"[花生油,桂圆肉,豆腐,青椒,干辣椒,大葱,生姜,大蒜,盐]",煮,香辣味,初级入门
648,香菇虫草花蒸鸡肉,"[鸡肉,虫草花,蛋黄,香菇]","[生姜,花生油,白糖,大蒜,大葱,盐,料酒,酱油,蚝油,小麦面粉,胡椒粉]",蒸,咸鲜味,未知
649,当归红枣炖羊肺,"[红枣,当归,羊肺]","[生姜,盐,胡椒粉]",炖,咸鲜味,新手尝试
650,红烧土豆,[土豆],"[花椒,酱油,小葱,盐,白糖,淀粉,鸡精,花生油,大蒜,生姜]",烧,咸鲜味,初中水平
651,毛豆炒腊肉,"[毛豆,腊肉]","[花生油,大蒜,辣椒酱,酒酿,盐]",炒,咸鲜味,未知
652,笋干炖猪肉,"[芦笋,猪肉]","[芝麻酱,番茄酱,桑葚酒,大葱,生姜,盐]",炖,咸鲜味,新手尝试
653,三汁焖锅,"[鸡肉,土豆,青椒]","[花生油,盐,酱油,蚝油,料酒,芝麻酱,洋葱,花生酱,白糖,醋]",焖,家常味,新手尝试
654,水煮锤猪肉,[猪肉],"[花生油,盐,料酒,蚝油,酱油,大葱,生姜,大蒜,豆瓣酱,辣椒粉,干辣椒,小葱,淀粉,胡椒粉]",煮,香辣味,初级入门
655,贵妃鸡翅,[鸡翅],"[花生油,酒酿,生姜,大葱,盐,胡椒粉,酱油,冰糖]",烧,咸鲜味,初级入门
656,视频蜜汁鸡翅,[鸡翅],"[芝麻,蚝油,大蒜,酱油,蜂蜜,盐,料酒,花生油,胡椒粉]",烧,家常味,新手尝试
657,湖南小炒肉,"[猪肉,青椒]","[花生油,大蒜,盐,酱油,淀粉,白糖]",炒,香辣味,初中水平
658,三杯鸡,[鸡肉],"[大葱,生姜,大蒜,辣椒,酱油,白糖,盐,花生油]",烧,其他口味,未知
659,干锅千叶豆腐,[豆腐],"[猪肉,青椒,胡萝卜,花生油,蚝油,酱油,盐,鸡精]",炒,家常味,初级入门
660,莴笋炒鸡蛋,"[莴笋,鸡蛋]","[花生油,胡萝卜,黑木耳,盐,大蒜,干辣椒]",炒,家常味,未知
661,炒腊肉,"[青椒,腊肉]","[生姜,花生油,盐,鸡精]",炒,家常味,新手尝试
662,地三鲜,"[青椒,土豆,茄子]","[大葱,生姜,大蒜,盐,白糖,酱油,花生油,小葱,料酒,醋,蚝油,花椒,淀粉]",烤,其他口味,未知
663,西湖醋鱼,[草鱼],"[生姜,大葱,醋,酱油,盐,白糖,料酒,花生油,淀粉]",炖,酸甜味,中级掌勺
664,鱼香茄子白糖醋茄子,[茄子],"[豆瓣酱,白糖,花生油,小麦面粉,醋,酱油,盐,大蒜,辣椒]",炒,酸甜味,初级入门
665,红烧鱼块,[鲢鱼],"[花生油,生姜,大葱,干辣椒,八角,酱油,盐,鸡蛋,白糖,料酒,淀粉]",烧,咸鲜味,初级入门
666,干锅手撕包菜,[包菜],"[花生油,腊肉,盐,酱油,干辣椒,大蒜,白糖,醋,蚝油]",炒,家常味,初中水平
667,西烩牛肉,"[牛肉,胡萝卜]","[花生油,酱油,鸡精,大葱,生姜,八角,香叶,花椒,料酒,盐]",炖,家常味,未知
668,茼蒿猪肉营养羹,"[茼蒿,猪肉]","[花生油,胡萝卜,盐,鸡精,花椒,料酒,大葱,生姜,淀粉]",煮,家常味,未知
669,苋菜鱼,"[咸鱼,苋菜]","[花生油,鸡蛋,料酒,胡椒粉,鸡精,淀粉,干辣椒,花椒,大葱,生姜,大蒜,盐]",煮,酸辣味,未知
670,秘制卤叉烧,[猪肉],"[大葱,大蒜,生姜,白糖,料酒,盐,酱油,花生油,辣椒酱]",烧,酱香味,中级掌勺
671,川式猪肉,[猪肉],"[生姜,大葱,八角,桂皮,香叶,冰糖,花生油,盐,芝麻]",烧,家常味,新手尝试
672,香辣孜然烤羊排,[羊排],"[花生油,花椒,八角,孜然,料酒,洋葱,大葱,生姜,酱油,蚝油,辣椒酱,盐,芝麻,辣椒粉]",烤,香辣味,中级掌勺
673,红烧鸭肉,[鸭肉],"[花生油,生姜,盐,干辣椒,香菜,大蒜,八角,香叶,桂皮,花椒,酱油,料酒]",焖,家常味,未知
674,胡萝卜茄子烧肉,"[猪肉,胡萝卜,茄子]","[花生油,洋葱,大葱,小葱,辣椒,甜椒,酱油,蚝油,盐,料酒]",烧,香辣味,初级入门
675,胡萝卜烧肉皮,"[猪皮,胡萝卜]","[花生油,生姜,八角,山葵,香叶,干辣椒,花椒,酱油,豆瓣酱,醋,盐]",烧,家常味,中级掌勺
676,清炖全鸡,[鸡肉],"[黄芪,红枣,桂圆,香菇,生姜,盐,料酒,枸杞子]",炖,咸鲜味,新手尝试
677,花生油淋风味茄子,[茄子],"[小葱,酱油,醋,干辣椒,盐,白糖,鸡精,花生油,淀粉,大蒜]",炒,大蒜香味,未知
678,干锅牛蛙,[牛蛙],"[辣椒,料酒,花生油,酱油,盐,生姜,大蒜,豆瓣酱]",煲,咸鲜味,初中水平
679,微波炉茄子,[茄子],"[大蒜,酱油,辣椒,花生油,蚝油,盐]",微波,香辣味,新手尝试
680,电饭煲红焖鸡腿,[鸡腿],"[生姜,酱油,蚝油,料酒,白糖,花生油,盐,小葱,大葱]",烧,咸鲜味,中级掌勺
681,鸡肉茄子饺子,"[小麦面粉,鸡肉,茄子]","[大葱,生姜,花生油,盐,蚝油,酱油,醋]",煮,家常味,新手尝试
682,韭菜炒扇贝,"[扇贝,韭菜]","[花生油,盐,蚝油,料酒,生姜]",炒,家常味,初中水平
683,豆腐皮韭菜卷,"[韭菜,豆腐皮]","[花生油,盐,辣椒酱,番茄酱,孜然]",烤,香辣味,新手尝试
684,胡萝卜酒酿鸭,"[鸭肉,胡萝卜,酒酿]","[花生油,酱油,白糖,盐,生姜,大蒜,花椒,八角,香叶,料酒]",焖,咸鲜味,未知
685,蛋羹蒸鲈鱼片,"[鲈鱼,鸡蛋]","[酱油,鸡精,花生油,盐,大葱]",蒸,咸鲜味,未知
686,大蒜茼蒿,[茼蒿],"[大蒜,酱油,醋,花生油,盐]",蒸,大蒜香味,未知
687,回锅茄子,[茄子],"[大葱,土豆,生姜,大蒜,青椒,料酒,五香粉,酱油,蚝油,盐,花生油]",炒,家常味,未知
688,莲藕片炒肉,"[莲藕,猪肉]","[青椒,花生油,生姜,豆瓣酱,大葱,大蒜,酱油,盐]",炒,香辣味,未知
689,豆豉蒸滑鸡,"[豆豉,鸡肉]","[大蒜,干辣椒,花生油,盐,蚝油,酱油,淀粉,料酒,生姜]",蒸,咸鲜味,未知
690,凉拌酸辣土豆,[土豆],"[辣椒,胡萝卜,酱油,醋,白糖,鸡精,芝麻,盐,花生油,大蒜]",拌,酸辣味,新手尝试
691,爆炒黄豆芽,[黄豆芽],"[干辣椒,大葱,生姜,花生油,盐,鸡精,醋,辣椒]",炒,家常味,新手尝试
692,香辣猪肉,"[猪肉,辣椒]","[盐,花生油,冰糖,酱油,酒酿,料酒,小葱,八角,陈皮,生姜]",烧,香辣味,高级厨师
693,浇汁武昌鱼,[武昌鱼],"[花生油,苋菜,粉条,盐,料酒,生姜,大蒜,辣椒,干辣椒,花椒,豆瓣酱,酱油,醋,白糖,淀粉]",煮,酸辣味,中级掌勺
694,素炒三彩丝,"[土豆,胡萝卜,青椒,芹菜]","[花生油,大葱,生姜,大蒜,盐,鸡精,酱油,醋]",炒,家常味,未知
695,麻辣豆腐,[豆腐],"[豆瓣酱,猪肉,盐,鸡精,酱油,淀粉,花生油,辣椒,大蒜,大葱,五香粉,白糖]",炒,麻辣味,未知
696,葱爆羊肉,"[大葱,羊肉]","[酱油,料酒,花生油,盐,白糖,鸡精,孜然,胡椒粉]",炒,家常味,未知
697,鲜肉香肠甜甜圈,"[小麦面粉,鸡蛋]","[盐,白糖,柠檬水,牛奶,香肠,花生油]",烘焙,咸鲜味,新手尝试
698,土豆烧鸡翅,"[鸡翅,土豆]","[花生油,盐,酱油,八角,花椒,草果,生姜]",烧,家常味,初中水平
699,酸菜鱼,"[草鱼,酸菜]","[花生油,盐,料酒,香菜,生姜,小葱,大蒜,大葱,干辣椒,花椒,辣椒,胡椒粉,淀粉]",烧,酸味,中级掌勺
700,孜然酱骨架,[猪骨],"[盐,冰糖,生姜,大蒜,八角,花椒,桂皮,干辣椒,料酒,酱油,小葱,孜然]",酱,其它口味,初中水平
701,澳门烧肉,[猪肉],"[茴香籽,花椒,香叶,五香粉,盐,鸡精,胡椒粉,花生油,苏打粉,芝麻酱,白糖,小葱]",烤,咸鲜味,初中水平
702,白菜帮蚕豆萝卜炖菜,"[白菜,胡萝卜,蚕豆]","[大葱,生姜,大蒜,花生油,八角,盐,鸡精,胡椒粉,酱油]",炖,咸鲜味,初级入门
703,墨鱼鸡汤,"[鸡肉,墨鱼]","[蘑菇,料酒,生姜,大葱,胡椒粉,盐]",炖,家常味,新手尝试
704,赛螃蟹,"[鸡蛋,虾皮,咸鸭蛋]","[盐,生姜,牛奶,淀粉,花生油]",炒,家常味,初中水平
705,猪肉酸菜炖粉条,"[酸菜,猪肉,粉条]","[花生油,干辣椒,盐,八角,料酒,小葱,五香粉,生姜,酱油,蚝油]",炖,家常味,新手尝试
706,青汁磷虾豆腐羹,"[虾仁,豆腐]","[淀粉,大麦茶,盐,奶酪]",煮,咸鲜味,新手尝试
707,家常版豇豆酿肉,"[豇豆,猪肉]","[大蒜,酱油,花生油,盐,干辣椒,白糖]",炒,家常味,未知
708,榨菜青椒炒香干,"[青椒,豆腐干,榨菜]","[花生油,大蒜,盐,酱油]",炒,家常味,未知
709,三鲜饺子,"[猪肉,虾,鸡蛋,小麦面粉]","[酱油,韭菜,料酒,蚝油,生姜,盐,五香粉,鸡精,花生油]",煮,家常味,未知
710,西红柿拌黄瓜,"[黄瓜,西红柿]","[大蒜,辣椒,酱油,蚝油,盐,花生油,醋,白糖]",拌,咸鲜味,初级入门
711,洋葱柚子炒番茄,"[西红柿,洋葱,柚子]","[花生油,盐,白糖,味精]",炒,家常味,初级入门
712,凉拌茄子,[茄子],"[盐,花生油,醋,白糖,味精,大葱,大蒜,辣椒,蚝油]",蒸,咸鲜味,初级入门
713,蚝油生菜,"[生菜,蚝油]","[盐,醋,酱油,花生油,大蒜,大葱,生姜,淀粉,白糖]",炒,家常味,新手尝试
714,酸辣大白菜,[白菜],"[醋,花生油,白糖,花椒,盐,辣椒,鸡精]",腌,酸辣味,初级入门
715,水煮基围虾,[基围虾],"[生姜,料酒,盐,五香粉,大蒜,蚝油,酱油,醋,番茄酱]",煮,咸鲜味,未知
716,咸肉菜饭,"[大米,腊肉]","[大葱,上海青,胡椒粉,白糖,盐,花生油]",焖,咸鲜味,初中水平
717,西兰花杏鲍菇木耳炒虾仁,"[杏鲍菇,西兰花,虾仁,黑木耳]","[花生油,胡萝卜,盐,味精,大蒜]",炒,家常味,未知
718,荷兰豆藕片木耳胡萝卜炒虾仁,"[荷兰豆,莲藕,虾仁,黑木耳,胡萝卜]","[花生油,盐,味精,大蒜]",炒,咸鲜味,未知
719,腐竹鸡煲,"[鸡肉,腐竹]","[花生油,盐,料酒,蚝油,橙皮,洋葱,辣椒,大葱,生姜]",煮,家常味,初中水平
720,凉瓜虾球,"[苦瓜,虾]","[花生油,洋葱,盐,料酒,胡椒粉,味精,淀粉,生姜]",炒,家常味,初级入门
721,秋葵鸡蛋饼,"[小麦面粉,鸡蛋,秋葵]","[花生油,盐,胡椒粉,鸡精,淀粉]",烙,家常味,新手尝试
722,风味豆腐,"[豆腐,蒜苗]","[花生油,盐,酱油,豆瓣酱,辣椒粉,豆豉,大蒜,淀粉]",烧,家常味,未知
723,牛腩炖土豆,"[土豆,牛腩]","[大葱,胡萝卜,生姜,八角,香叶,辣椒粉,料酒,酱油,蚝油,盐,花生油,辣椒,大蒜]",炖,咸鲜味,初级入门
724,鱼香肉丝,"[猪肉,胡萝卜,黑木耳]","[白糖,泡椒,盐,蚝油,鸡精,醋,酱油,料酒,大葱,生姜,大蒜,花生油,淀粉]",炒,家常味,新手尝试
725,炒彩虹年糕,"[面包,香菇,鸡蛋,白菜,猪肉,年糕]","[花生油,盐,蚝油,大蒜]",炒,咸鲜味,初中水平
726,辣子鸡,[鸡肉],"[花生油,辣椒,白糖,花生,生姜,干辣椒,大葱,盐,大蒜,料酒,八角,孜然,酱油,花椒]",爆炒,椒麻味,高级厨师
727,腊肉炖泥鳅,"[泥鳅,黄瓜]","[生姜,腊肉,大葱,大蒜,花椒,酱油,料酒,盐,鸡精,花生油,辣椒]",炖,家常味,初中水平
728,无油健康鸡肉饼,"[鸡肉,白菜,洋葱,胡萝卜,小麦面粉,土豆,鸡蛋]","[花生油,盐,胡椒粉]",煎,葱香味,初级入门
729,生煎韭菜盒子,"[小麦面粉,韭菜,粉丝]","[盐,花生油,五香粉,味精,淀粉]",煎,咸鲜味,初中水平
730,青椒咕咾肉,"[青椒,猪肉]","[盐,大葱,生姜,番茄酱,白糖,醋,料酒,胡椒粉,鸡蛋,淀粉,花生油]",炒,酸甜味,未知
731,松花蛋拌豆腐,"[松花蛋,豆腐]","[酱油,盐,醋,大葱,辣椒]",拌,家常味,初级入门
732,肉末豆腐煲,"[猪肉,豆腐]","[大蒜,杏鲍菇,胡萝卜,青椒,盐,生姜,芝麻酱,花生油,料酒]",炖,咸鲜味,初级入门
733,白玉菇加上木耳鸡蛋,"[蟹味菇,黑木耳,鸡蛋]","[花生油,生姜,辣椒,酱油,蚝油,盐]",炒,香辣味,未知
734,葱油饼,"[小麦面粉,小葱]","[芝麻,花生油,盐,白糖]",煎,家常味,初级入门
735,凉拌紫海藻,[海藻],"[辣椒油,花生油,盐,酱油,大蒜,醋,白糖,芝麻]",拌,家常味,新手尝试
736,五福纯素饺子,"[白菜,黑木耳,鸡蛋,胡萝卜,洋葱,小麦面粉]","[花椒,酱油,盐,花生油,蚝油]",煮,咸鲜味,初中水平
737,韭菜炒猪耳,"[韭菜,猪肉]","[花生油,盐,大蒜,生姜,料酒,酱油,鸡精,豆腐干]",炒,咸鲜味,未知
738,拌杏鲍菇,[杏鲍菇],"[小葱,大蒜,酱油,花生油,盐,白糖,辣椒油,醋,蚝油]",拌,香辣味,未知
739,辣炒菜花,"[辣椒,菜花]","[大葱,盐,酱油,花生油,腊肉,味精]",炒,家常味,未知
740,孜然鸡翅根,"[鸡翅,孜然]","[花生油,芝麻,大葱,生姜,大蒜,辣椒粉,料酒,酱油,花椒,盐,白糖,胡椒]",炒,咸鲜味,初级入门
741,素炒三丝,"[胡萝卜,辣椒,杏鲍菇]","[花生油,盐,辣椒酱,酱油,大葱]",炒,家常味,初中水平
742,香炸鸡翅,[鸡翅],"[花生油,淀粉,酱油,料酒,生姜,大蒜,辣椒粉,胡椒粉,盐]",炸,家常味,新手尝试
743,孜然羊,[羊肉],"[花生油,胡椒粉,辣椒粉,洋葱,芹菜,生姜,胡椒,盐]",烤,麻辣味,未知
744,麻婆豆腐,[豆腐],"[盐,猪肉,酱油,豆瓣酱,生姜,大蒜,料酒,淀粉,辣椒,大葱,花椒,花生油,白糖]",炒,麻辣味,初中水平
745,家常炒冬瓜片,[冬瓜],"[花生油,盐大蒜,干辣椒,生姜,小葱]",炒,家常味,未知
746,四季豆烧鸡腿,"[鸡腿,四季豆]","[花生油,盐,八角,花椒,生姜,酱油,辣椒]",炒,香辣味,初中水平
747,大蒜香炸鱼块,[草鱼],"[花生油,盐,大蒜,生姜,料酒,酱油,鱼露,五香粉,鸡蛋,小麦面粉]",炸,大蒜香味,初级入门
748,水煮鱼,[草鱼],"[花生油,粉丝,黄豆芽,干辣椒,生姜,大葱,大蒜,香菜,五香粉,辣椒油,胡椒粉,淀粉,鸡蛋,盐,鸡精,酱油,酒酿]",煮,香辣味,未知
749,凉拌杏鲍菇,[杏鲍菇],"[小葱,大蒜,花生油,酱油,醋,蚝油,辣椒酱,盐,白糖]",拌,香辣味,新手尝试
750,干锅花菜,[花菜],"[花生油,猪肉,干辣椒,盐,味精,白糖,酱油,辣椒油,大蒜,洋葱,蚝油]",炒,香辣味,未知
751,大蒜蓉粉丝蒸扇贝,"[粉丝,扇贝,大蒜]","[花生油,盐,小葱,蚝油,生姜]",蒸,咸鲜味,未知
752,一品豆腐鲜锅,"[西红柿,白糖,豆腐,鱼丸,金针菇,虾]","[花生油,盐,生姜,酱油]",煮,咸鲜味,未知
753,鲜肉锅贴,"[小麦面粉,猪肉]","[牛奶,黄油,白糖,盐,味精,料酒,酱油,大葱,花生油]",煎,咸鲜味,初级入门
754,家常炖鱼,[鲤鱼],"[大葱,生姜,大蒜,盐,干辣椒,料酒,花生油,猪肉]",炖,咸鲜味,初级入门
755,白菜炖土豆,"[白菜,土豆]","[猪肉,胡椒粉,生姜,酱油,盐,大葱,花生油,八角,鸡精]",炖,家常味,未知
756,麻辣田螺,[田螺],"[花生油,盐,五香粉,料酒,酱油,生姜,大蒜,大葱,干辣椒]",炒,麻辣味,初中水平
757,旺仔小馒头,[小麦面粉],"[鸡蛋,花生油,白糖,淀粉,牛奶,苏打粉]",烘焙,奶香味,初中水平
758,糖醋玉子豆腐,[豆腐],"[小葱,辣椒,鸡蛋,花生油,醋,番茄酱,白糖,胡椒粉,盐,鸡精,淀粉]",烧,酸甜味,初级入门
759,清蒸鲈鱼,[鲈鱼],"[香菜,盐,酱油,小葱,料酒,生姜,干辣椒,花生油,辣椒,大蒜]",蒸,咸鲜味,新手尝试
760,酸辣熏鹅肉炒豆筋,[鹅肉],"[大蒜,腐竹,辣椒酱,生姜,大葱,蚝油,盐,花生油,醋]",炒,酸辣味,未知
761,猪肉白菜鸡蛋米粉,"[米粉,猪肉,鸡蛋,白菜]","[大蒜,小葱,酱油,蚝油,鸡精,盐,花生油,料酒,淀粉]",煮,咸鲜味,未知
762,咸蛋蒸肉饼,"[猪肉,咸蛋黄]","[花生油,盐,花菜,胡萝卜,平菇,料酒,酱油,淀粉]",蒸,家常味,初级入门
763,鸡丝凉面,"[小麦面粉,鸡肉]","[辣椒,黄瓜,醋,大蒜,芝麻,白糖,盐,花生油,生姜,大葱]",拌,家常味,初级入门
764,清蒸罗非鱼,[罗非鱼],"[花生油,料酒,酱油,生姜,盐,大葱]",蒸,家常味,未知
765,小炒竹笋,[竹笋],"[盐,青椒,辣椒,猪肉,花生油,酱油,大蒜]",炒,咸鲜味,初中水平
766,蓑衣黄瓜,[黄瓜],"[辣椒,醋,大蒜,酱油,花生油,花生,盐,白糖]",腌,家常味,新手尝试
767,凉拌海带,[海带],"[酱油,辣椒,大蒜,小葱,香菜,醋,盐,花生油,芝麻,白糖]",煮,家常味,未知
768,白斩鸡,[鸡肉],"[花生油,生姜,小葱,盐,白糖]",煮,家常味,新手尝试
769,香菜猪肉饺子,"[小麦面粉,鸡蛋,猪肉]","[花生油,香菜,盐,大蒜,蚝油,胡椒粉,酱油,生姜]",煮,家常味,初级入门
770,蒸花卷,[小麦面粉],"[小葱,盐,花生油,苏打粉,白糖]",蒸,家常味,初级入门
771,缤纷蛋炒饭,"[大米,鸡蛋]","[盐,小葱,花生油]",炒,葱香味,初中水平
772,红极参炒笋片,"[丹参,冬笋]","[盐,生姜,青椒,大葱,花生油,酱油,料酒,淀粉]",炒,咸鲜味,初级入门
773,小白菜疙瘩汤,"[小麦面粉,小白菜]","[花生油,盐,酱油,大葱]",煮,家常味,未知
774,鱼香茄饼,"[茄子,猪肉,小麦面粉]","[花生油,盐,泡椒,生姜,小葱,大蒜,淀粉,鸡蛋,花椒,豆瓣酱,白糖,醋,鸡精]",烧,鱼香味,新手尝试
775,快手蔬菜炒米粉,"[米粉,油菜,猪肉]","[干辣椒,醋,椰子油,花生油,生姜,大蒜,大葱,料酒,酱油,盐,胡椒粉,鸡精]",炒,香辣味,未知
776,番茄咖喱炖牛腩,"[牛腩,西红柿]","[胡萝卜,西芹,大蒜,香叶,咖喱,番茄酱,料酒,香菜,盐,花生油,胡椒]",炖,酸甜味,初级入门
777,炒西葫芦,[西葫芦],"[花生油,盐,白糖,酱油,醋]",炒,家常味,未知
778,微波炉蒸鱼,[黄花鱼],"[大蒜,陈皮,辣椒,豆豉,蚝油,酱油,花生油,香菜]",微波,香辣味,新手尝试
779,肉末鲜蘑菇,"[蘑菇,猪肉]","[花生油,盐,生姜,大葱,胡椒,鸡精,酱油]",炒,咸鲜味,未知
780,熘鱼丸,[鱼丸],"[花生油,青椒,盐,味精,蚝油,大葱,淀粉]",熘,家常味,初级入门
781,水煮肉片,[猪肉],"[花生油,黄豆芽,淀粉,花椒,盐,豆瓣酱,生姜,料酒,大葱,干辣椒,大蒜,酱油,鸡精,白糖]",煮,麻辣味,初级入门
782,冷涮肉沙拉,"[黄瓜,生菜,秋葵,西红柿,猪肉]","[生姜,盐,胡椒,淀粉,蜂蜜]",拌,酸味,新手尝试
783,花椒鸡,[鸡肉],"[八角,生姜,大蒜,肉桂,香叶,豆瓣酱,白糖,酱油,辣椒,蒜苗,花椒,盐,花生油]",炒,麻辣味,初中水平
784,秘汁清蒸罗非鱼,[罗非鱼],"[生姜,花生油,大葱,盐,酱油,料酒]",蒸,咸鲜味,未知
785,炝炒白菜,[白菜],"[干辣椒,盐,花生油,大蒜,酱油,白糖,大葱,醋]",炒,咸鲜味,初中水平
786,黄焖鸡,"[鸡肉,土豆,香菇]","[花生油,辣椒,大蒜,生姜,白糖,酱油,盐,料酒,大葱]",焖,咸鲜味,未知
787,梅菜扣肉,"[猪肉,梅干菜]","[八角,花生油,盐,酱油,大葱,白糖,生姜,料酒,五香粉,花椒]",蒸,咸鲜味,初中水平
788,茭白毛豆炒河虾,"[茭白,毛豆,河虾]","[花生油,酱油,料酒,白糖,盐,大蒜,生姜]",炒,咸鲜味,初级入门
789,红烧肉,[猪肉],"[盐,蚝油,白糖,淀粉,酱油,桂皮,大葱,花生油,料酒,大蒜,生姜,八角]",烧,家常味,中级掌勺
790,油泼大蒜茄子,"[茄子,大蒜]","[花生油,酱油,大葱,蚝油,醋,盐,白糖,鸡精,辣椒]",烤,大蒜香味,未知
791,扬州炒饭,"[大米,玉米,香肠,胡萝卜,青豆,鸡蛋]","[盐,酱油,大葱,花生油,生姜,蚝油,料酒]",炒,家常味,新手尝试
792,凉拌虫草花,[虫草花],"[大蒜,胡萝卜,黄瓜,盐,酱油,花生油,醋]",拌,咸鲜味,新手尝试
793,猪肉拌面,"[面条,猪肉]","[辣椒,胡萝卜,洋葱,菠菜,酱油,盐,鸡精,番茄酱,花生油]",炒,家常味,新手尝试
794,蜜汁红烧肉,[猪肉],"[花生油,盐,淀粉,生菜,酱油,桂皮,大葱,生姜,八角,小葱,料酒,冰糖,红糖]",烧,甜味,中级掌勺
795,京酱肉丝,"[猪肉,黄瓜]","[大葱,番茄酱,花生油,淀粉,料酒,盐,豆腐皮,豆瓣酱,酱油,白糖,小葱]",炒,家常味,初级入门
796,黄瓜鸡蛋蒸饺,"[黄瓜,小麦面粉,鸡蛋]","[五香粉,鸡精,生姜,大葱,盐]",蒸,家常味,新手尝试
797,豆豉鳕鱼,"[鳕鱼,豆豉]","[花生油,盐,白糖,料酒,醋,大葱]",烧,家常味,初级入门
798,大蒜烤生蚝,"[生蚝,大蒜]","[花生油,白糖,粉丝,辣椒,小葱,盐,鸡精,蚝油,料酒]",蒸,大蒜香味,未知
799,麻婆豆腐,[豆腐],"[花生油,猪肉,淀粉,豆瓣酱,盐,花椒,胡椒粉,辣椒,生姜,大葱,鸡精,白糖,酱油]",炒,豆瓣酱味,初级入门
800,干炸白萝卜丸子,"[猪肉,白萝卜]","[鸡蛋,淀粉,五香粉,花生油,盐,生姜]",炸,家常味,初中水平
801,红烧鱼,[鲈鱼],"[豆瓣酱,花生油,料酒,大葱,生姜,大蒜,酱油,盐,白糖,八角]",烧,咸鲜味,中级掌勺
802,花生蹄花,"[猪蹄,花生]","[冰糖,生姜,大蒜,八角,花椒,料酒,酱油,香叶,盐,小葱,花生油]",烧,家常味,初中水平
803,肉炒木耳菜,"[猪肉,木耳菜]","[花生油,大葱,酱油,盐,料酒,鸡精]",炒,家常味,未知
804,西兰花炒鱿鱼,"[鱿鱼,西兰花]","[生姜,盐,花生油,酱油]",炒,麻辣味,新手尝试
805,黄瓜炒虾仁,"[虾仁,黄瓜]","[小葱,花生油,生姜,淀粉,胡椒粉,盐,酱油,大蒜,料酒,鸡精]",炒,咸鲜味,初级入门
806,辣炒牛肚,[牛肚],"[花生油,盐,洋葱,生姜,辣椒,料酒,酱油]",炒,香辣味,初级入门
807,鸭肉煲,[鸭肉],"[盐,蒜苗,冰糖,酱油,花生油,生姜,干辣椒,大葱,辣椒,八角,大蒜,柠檬]",炒,大蒜香味,厨神级
808,猪大肠臊子,[猪大肠],"[花生油,青椒,蚕豆,生姜,大蒜,花椒,盐,鸡精]",炒,辣椒油味,初中水平
809,广式蜜汁叉烧,[猪肉],"[花生油,盐,大蒜,大葱,生姜,酱油,料酒,白糖,辣椒酱]",烧,甜味,初级入门
810,土豆炖排骨,"[排骨,土豆]","[小葱,大蒜,八角,香叶,生姜,花椒,盐,酱油,料酒,花生油,白糖]",炖,家常味,初中水平
811,羊肉丸子汤,[羊肉],"[大葱,白菜,生姜,盐,酱油,鸡精,花生油,鸡蛋,淀粉]",煮,咸鲜味,初级入门
812,煎鸡肉,[鸡肉],"[西红柿,料酒,西兰花,小葱,盐,淀粉,孜然,花生油,胡椒粉,辣椒粉]",煎,家常味,未知
813,红焖羊肉,[羊肉],"[花生油,胡萝卜,盐,大葱,料酒,豆瓣酱,生姜,大蒜,花椒,八角,香叶,桂皮,胡椒]",炖,咸鲜味,初中水平
814,辣子鸡,[鸡肉],"[花生油,辣椒,花生,干辣椒,盐,淀粉,酱油,花椒,生姜,大蒜,大葱,料酒,鸡精]",爆炒,麻辣味,中级掌勺
815,芦笋炒虾仁,"[芦笋,虾仁]","[花生油,料酒,盐,味精,大蒜,淀粉,胡椒粉]",炒,咸鲜味,未知
816,土豆炖鸡腿,"[土豆,鸡腿]","[盐,酱油,枸杞子,茴香,大葱,桂皮,料酒,八角,花椒,花生油,香菜,冰糖,洋葱,辣椒,生姜]",炖,大葱香味,初级入门
817,凉拌菠菜粉丝,"[菠菜,粉丝]","[花生油,大蒜,干辣椒,味精,盐,花椒,白糖,酱油,醋]",拌,家常味,初级入门
818,鸡翅焖饭,"[大米,鸡翅]","[花生油,土豆,西兰花,香肠,盐,酱油,料酒,白糖]",煮,家常味,新手尝试
819,家常黄焖鸡,"[鸡肉,土豆,香菇]","[花生油,辣椒,酱油,盐,冰糖,大葱,生姜,大蒜,白糖]",焖,家常味,初级入门
820,蒜薹炒鸡蛋,"[蒜薹,鸡蛋]","[盐,花生油,鸡精,大葱,大蒜]",炒,家常味,新手尝试
821,羊肉饺子,"[羊肉,小麦面粉]","[大葱,鸡蛋,盐,花椒,桂皮,生姜,香叶,花生油,料酒,酱油]",煮,家常味,未知
822,鸡蛋炒木耳菜,"[木耳菜,鸡蛋]","[盐,胡萝卜,酱油,白糖,花生油,大葱,辣椒]",炒,家常味,初中水平
823,西兰花炒虾仁,"[西兰花,虾仁]","[花生油,料酒,鸡精,酱油,盐,淀粉,生姜,大蒜,八角]",炒,家常味,初级入门
824,洋葱炒培根,"[洋葱,培根]","[辣椒,大蒜,生姜,花生油,盐,白糖,胡椒粉]",炒,咸鲜味,未知
825,猪肉茄条,"[茄子,猪肉]","[花生油,盐,酱油,料酒,鸡精,大蒜,生姜,大葱]",炒,咸鲜味,新手尝试
826,肉蟹煲,[螃蟹],"[花生油,鸡爪,土豆,盐,八角,生姜,干辣椒,蚝油,酱油,大蒜,白糖,大葱]",炒,香辣味,未知
827,酸辣猪皮炒木耳菜,"[猪皮,木耳菜]","[生姜,青椒,大蒜,盐,花生油,辣椒酱,醋]",炒,酸辣味,未知
828,西红柿炖牛肉,"[牛肉,西红柿]","[花生油,盐,大葱,生姜,大蒜,酱油,鸡精,八角,桂皮,花椒,香叶]",炖,茄汁味,中级掌勺
829,秘制油泼鲤鱼,[鲤鱼],"[花生油,盐,蚝油,酱油,鸡精,白糖,大葱,生姜,香菜,辣椒,花椒]",蒸,咸鲜味,初级入门
830,千张炒平菇,"[千张,平菇]","[花生油,猪肉,盐,白糖,酱油,料酒,胡萝卜]",炒,家常味,新手尝试
831,黄瓜小葱凉面,"[面条,黄瓜,小葱]","[辣椒油,花生,盐,鸡精,醋,酱油,白糖,蚝油,花生油]",拌,酸辣味,初级入门
832,柠檬鸡翅,"[鸡翅,柠檬]","[酱油,料酒,白糖,盐,花生油,生姜,蚝油]",炒,甜味,初中水平
833,干炒牛肉丝,[牛肉],"[辣椒油,青椒,鸡蛋,淀粉,胡椒,盐,白糖,生姜,大蒜,花生油,酱油]",炒,咸鲜味,中级掌勺
834,芥菜扣肉,"[猪肉,芥菜]","[花生油,盐,大葱,花椒,酱油,生姜,冰糖,大蒜,料酒]",蒸,咸鲜味,未知
835,豇豆丝爱肉丝,"[豇豆,猪肉]","[花生油,酱油,盐,鸡精,淀粉,蚝油,料酒,大蒜,生姜,泡椒]",炒,咸鲜味,初中水平
836,香辣黄豆小菜,[黄豆],"[花生油,豆瓣酱,香叶,八角,桂皮,花椒,盐,酱油]",煮,香辣味,未知
837,黄瓜炒肉片,"[黄瓜,猪肉]","[生姜,淀粉,盐,鸡精,白糖,花生油,酱油,辣椒]",炒,咸鲜味,新手尝试
838,炖鱼头,[鱼头],"[花生油,生姜,大葱,胡椒粉,醋,盐,香菜,小葱,辣椒,冰糖,酱油,料酒]",炖,家常味,未知
839,洋葱炒肉,"[洋葱,猪肉]","[盐,香菜,花生油,鸡精,酱油,辣椒酱,料酒,胡萝卜]",炒,家常味,初级入门
840,滑鸡煲仔饭,"[鸡肉,大米]","[盐,生姜,大蒜,泡椒,蚝油,淀粉,料酒,豆豉,花生油,酱油,小葱]",煲,咸鲜味,初中水平
841,牛肉香菇芝辣椒酱,"[牛肉,香菇]","[芝麻,豆豉,干辣椒,花生油,胡椒粉,料酒,酱油,淀粉,白糖,味精,花椒,八角,豆瓣酱]",炒,香辣味,初级入门
842,上海青炒豆腐皮,"[上海青,豆腐皮]","[大蒜,花生油,盐,鸡精]",炒,大蒜香味,初中水平
843,双芥烩牛肉,"[牛肉,芥蓝]","[生姜,鸡精,辣椒,大葱,大蒜,盐,花生油,淀粉,胡椒粉,料酒,辣椒酱]",炒,家常味,新手尝试
844,东北乱炖,"[四季豆,豆腐皮,土豆,猪肉]","[大葱,白糖,花椒,生姜,大蒜,干辣椒,酱油,料酒,盐]",炖,家常味,初中水平
845,苦瓜炒肉片,"[苦瓜,猪肉]","[辣椒,花生油,盐,蚝油,生姜,大葱,大蒜,豆豉,料酒,淀粉,白糖,鸡精]",炒,家常味,新手尝试
846,网红青团,"[糯米,小麦面粉,蛋黄]","[白糖,花生油,料酒]",蒸,甜味,新手尝试
847,醇香牛肉煎饺,"[牛肉,小麦面粉]","[西芹,鸡蛋,胡萝卜,玉米,花生油,盐,胡椒粉,酱油,洋葱]",煎,家常味,初级入门
848,杏鲍菇炒青椒,"[杏鲍菇,青椒]","[花生油,大葱,盐,酱油,蚝油,五香粉]",炒,家常味,未知
849,凉拌莲藕片,[莲藕],"[辣椒,香菜,大蒜,醋,盐,鸡精,花生油]",拌,酸辣味,新手尝试
850,多彩冬至饺子,"[小麦面粉,猪肉]","[花生油,五香粉,盐,酱油,蚝油,生姜,大葱]",煮,咸鲜味,初中水平
851,大蒜蛙肉,"[牛蛙,大蒜]","[盐,酱油,花生油,料酒,味精,生姜,辣椒,辣椒油]",炒,大蒜香味,初中水平
852,酱香腐乳排骨,[排骨],"[花生油,盐,大葱,山楂,生姜,花椒,八角,香叶,桂皮,冰糖,腐乳,料酒]",炖,酱香味,未知
853,水煮肉,[猪肉],"[生菜,辣椒,盐,花生油,大蒜,香菜,料酒,花椒,胡椒粉,淀粉,豆瓣酱]",煮,香辣味,未知
854,红烧鱼,[鲈鱼],"[盐,花生油,生姜,豆瓣酱,大蒜,大葱,料酒,酱油,白糖,八角]",烧,家常味,新手尝试
855,红枣杞子炖燕窝,"[燕窝,红枣,枸杞子]","[冰糖,银耳,桂圆肉]",炖,甜味,新手尝试
856,泡菜扣肉,"[猪肉,泡菜,小葱]","[花生油,生姜,鸡精,大蒜,盐,五香粉,酱油,蜂蜜,八角,花椒]",蒸,酸甜味,中级掌勺
857,红烧排骨,[排骨],"[花生油,生姜,大蒜,干辣椒,小葱,香叶,八角,冰糖,盐,酱油,料酒]",红烧,其它口味,初级入门
858,猪肉炖竹笋,"[竹笋,猪肉]","[大葱,胡椒粉,酱油,生姜,青椒,花生油,盐]",炖,咸鲜味,未知
859,干锅双菌,"[杏鲍菇,香菇]","[花生油,胡萝卜,辣椒酱,生姜,盐,酱油]",炒,香辣味,初中水平
860,梅菜扣肉,"[猪肉,梅干菜]","[八角,花生油,酱油,大葱,白糖,生姜,料酒,蜂蜜,五香粉,花椒]",蒸,咸鲜味,初中水平
861,水煮肉片,[猪肉],"[花生油,黄豆芽,淀粉,盐,生姜,大葱,干辣椒,大蒜,花椒,辣椒油,酱油,鸡精,白糖,料酒,豆瓣酱]",煮,香辣味,初中水平
862,芥蓝炒牛肉,"[芥蓝,牛肉]","[大蒜,鸡精,花生油,盐,淀粉]",炒,家常味,新手尝试
863,清蒸黄花鱼,[黄花鱼],"[盐,料酒,小葱,生姜,大蒜,酱油,花生油]",蒸,咸鲜味,未知
864,猪肉酸奶小餐包,"[猪肉,酸奶,小麦面粉]","[杏仁,鸡蛋,黄油,盐,白糖,干酵母]",烘焙,奶香味,初中水平
865,四季豆烧肉,"[猪肉,四季豆]","[花生油,盐,生姜,茴香,冰糖,胡椒粉,大蒜,干辣椒,八角,白豆蔻,草果,香叶,桂皮]",焖,酱香味,初级入门
866,双椒鸡丁,"[鸡肉,辣椒]","[花生油,盐,淀粉,料酒,酱油]",炒,香辣味,初级入门
867,东坡肉,[猪肉],"[花生油,八角,淀粉,生姜,桂皮,冰糖,大葱,盐,酱油,小葱,料酒,大蒜]",烧,酱香味,中级掌勺
868,麻辣水煮鱼,[草鱼],"[盐,黄豆芽,大葱,淀粉,料酒,干辣椒,花椒,胡椒粉,花生油,生姜,大蒜,辣椒粉,香菜]",煮,香辣味,新手尝试
869,生蚝炆鸡,"[生蚝,鸡肉]","[大葱,盐,花生油,生姜,大蒜,淀粉]",炒,咸鲜味,未知
870,科尔沁热狗肠炒芦笋,"[香肠,芦笋]","[胡萝卜,八角,干辣椒,花生油,大葱,生姜,大蒜,盐,胡椒粉]",炒,咸鲜味,未知
871,炝炒芸豆丝,[芸豆],"[干辣椒,胡萝卜,胡椒粉,白糖,大蒜,生姜,花椒,大葱,花生油,盐,酱油,味精]",炒,香辣味,未知
872,洋葱炒肉,"[洋葱,猪肉]","[花生油,胡萝卜,木耳菜,盐,辣椒酱,料酒,酱油,鸡精]",炒,香辣味,新手尝试
873,鸡肉炒山药,"[鸡肉,山药]","[大葱,青椒,大蒜,生姜,花椒,八角,花生油,醋,香菜]",炒,咸鲜味,初中水平
874,红烧肉,[猪肉],"[大葱,料酒,八角,桂皮,淀粉,生姜,大蒜,盐,花生油,冰糖,酱油]",烧,五香味,未知
875,红烧肉,[猪肉],"[盐,桂皮,淀粉,冰糖,酱油,料酒,大葱,大蒜,生姜,八角,花生油]",烧,酱香味,中级掌勺
876,芝麻酱凉拌面,[面条],"[花生油,芹菜,紫甘蓝,洋葱,胡萝卜,猪肉,盐,豆瓣酱,芝麻酱,酱油]",煮,芝麻酱味,初级入门
877,卤牛腱,[牛肉],"[盐,生姜,冰糖,酱油,八角,桂皮,香叶,花椒,茴香,料酒,醋,花生油]",卤,五香味,初中水平
878,格琳诺尔凉拌双耳,"[木耳菜,辣椒]","[大蒜,芝麻,酱油,醋,白糖,味精,花生油,辣椒油]",拌,酸甜味,初中水平
879,肉炒蒜薹,"[蒜薹,猪肉]","[花生油,盐,酱油,蚝油,大葱,料酒,味精]",炒,家常味,未知
880,猪肉炖土豆,"[猪肉,土豆]","[花生油,大葱,生姜,料酒,八角,盐,桂皮,白糖,干辣椒,豆腐,香叶,大蒜,花椒]",炖,家常味,未知
881,猪肉大葱千层饼,"[小麦面粉,猪肉]","[生姜,大葱,鸡蛋,胡椒粉,酱油,料酒,盐,花生油]",烙,咸鲜味,中级掌勺
882,黄辣丁烩面条,[面条],"[香菜,鸡蛋,大葱,生姜,胡椒粉,盐,鸡精,花生油]",煮,家常味,初级入门
883,大葱拌豆腐皮,"[豆腐皮,大葱]","[盐,大蒜,酱油,味精,白糖,辣椒油,花生油]",拌,辣椒油味,未知
884,豌豆杏鲍菇炒肉丁,"[豌豆,杏鲍菇,猪肉]","[花生油,盐,酱油,蚝油,料酒]",炒,家常味,初中水平
885,红烧肉,[猪肉],"[盐,冰糖,酱油,料酒,大葱,淀粉,八角,桂皮,大蒜,生姜,花生油]",烧,甜味,初中水平
886,香菜豆腐皮,"[豆腐皮,香菜]","[花生油,大葱,生姜,大蒜,酱油,盐]",炒,咸鲜味,未知
887,双色榨菜猪肉卷,"[榨菜,小麦面粉,紫薯,猪肉]","[花生油,椒盐,鸡精,五香粉,盐,蚝油,干酵母]",蒸,咸鲜味,初中水平
888,东北丰收炖,"[排骨,土豆,玉米,豇豆,南瓜]","[花生油,酱油,盐,料酒,冰糖,大葱,生姜]",炖,咸鲜味,初级入门
889,甜椒炒龙利鱼块,"[龙利鱼,甜椒]","[花生油,盐,豆瓣酱,料酒,花椒,大葱,大蒜,生姜]",炒,咸鲜味,新手尝试
890,干锅土豆片,[土豆],"[生姜,大蒜,花生油,辣椒,盐,豆瓣酱,鸡精,花椒,料酒,大葱]",炒,香辣味,新手尝试
891,炒泡菜,[泡菜],"[花生油,猪肉,料酒,大葱,大蒜,胡椒粉,花椒,酱油,蚝油]",炒,酸辣味,初级入门
892,家常凉面,[面条],"[醋,黄瓜,大蒜,酱油,盐,辣椒,白糖,花椒,花生油]",拌,香辣味,新手尝试
893,红烧肉之王,[猪肉],"[八角,花生油,淀粉,盐,桂皮,生姜,大蒜,酱油,蚝油,冰糖,大葱,小葱]",烧,家常味,中级掌勺
894,凉拌松花蛋金针菇,"[金针菇,松花蛋]","[香菜,盐,酱油,蚝油,大蒜,白糖,醋,花生油]",拌,酸甜味,未知
895,拌海带,[海带],"[泡椒,酱油,醋,生姜,盐,鸡精,大蒜,花生油,辣椒油]",拌,生姜汁味,初级入门
896,醋溜土豆丝,[土豆],"[大葱,大蒜,盐,醋,花生油,白糖,生姜]",炒,家常味,初中水平
897,山药烧仔排,"[排骨,山药]","[盐,冰糖,生姜,大蒜,料酒,酱油,小葱,花生油]",烧,家常味,初中水平
898,大蒜蒸茄子,"[茄子,大蒜]","[盐,鸡精,酱油,醋,花生油,大葱]",蒸,大蒜香味,新手尝试
899,青椒炒牛肉,"[牛肉,青椒]","[花生油,大蒜,酱油,料酒,蚝油,盐,淀粉,花椒,大葱,鸡精]",炒,家常味,未知
900,蜜汁叉烧肉,[猪肉],"[花生油,盐,蚝油,白糖,料酒,酱油,辣椒酱,大葱,大蒜]",烧,甜味,初级入门
901,干煸四季豆,[四季豆],"[干辣椒,猪肉,酱油,白糖,大蒜,花生油,料酒,花椒,盐]",干煸,咸鲜味,中级掌勺
902,培根面包,"[小麦面粉,培根]","[花生油,黄油,白糖,干酵母,盐,牛奶,鸡蛋,小葱]",烘焙,咸鲜味,初级入门
903,鱿鱼炒面,"[面条,鱿鱼]","[盐,酱油,蚝油,鸡精,花生油,大葱,生姜,大蒜,辣椒]",炒,家常味,新手尝试
904,土豆炒不烂,[土豆],"[洋葱,小麦面粉,小葱,大蒜,花椒,盐,花生油,酱油]",炒,家常味,初级入门
905,红烧肉,[猪肉],"[盐,花生油,冰糖,淀粉,酱油,桂皮,料酒,大葱,大蒜,生姜,八角]",烧,酸甜味,中级掌勺
906,蟹黄豆腐,"[豆腐,咸鸭蛋]","[大蒜,大葱,料酒,盐,淀粉,花生油,生姜,小葱,胡椒粉]",煮,咸鲜味,初级入门
907,卤牛肉卤鸭掌,"[牛肉,鸭掌]","[生姜,醋,酱油,八角,香叶,花椒,茴香,辣椒,冰糖,料酒]",卤,甜味,未知
908,豇豆平菇拌菜,"[豇豆,平菇]","[青椒,酱油,醋,生姜,大蒜,花生油,花椒,干辣椒,盐,鸡精]",拌,家常味,初级入门
909,香菇肉包,"[小麦面粉,猪肉,香菇]","[干酵母,盐,花生油,生姜,大葱,鸡精,料酒,蚝油]",蒸,咸鲜味,初级入门
910,凉拌芹菜三丝,"[芹菜,胡萝卜,豆腐皮]","[盐,大蒜,酱油,醋,花生油,芝麻]",拌,咸鲜味,新手尝试
911,蒸肉丸,[猪肉],"[盐,豆腐,五香粉,花生油,生姜,蚝油,酱油,淀粉,白糖,小葱,鸡蛋,胡椒粉]",蒸,咸鲜味,中级掌勺
912,豆腐冬瓜炖,"[冬瓜,豆腐]","[胡萝卜,胡椒粉,鸡精,西芹,大葱,生姜,大蒜,花生油,八角,花椒,盐]",炖,咸鲜味,初级入门
913,蜜汁叉烧,[猪肉],"[花生油,蚝油,酱油,白糖,料酒,盐,生姜,大葱,大蒜]",烧,甜味,初级入门
914,炒莲藕片,[莲藕],"[盐,花生油,大葱,辣椒,大蒜,酱油]",炒,家常味,未知
915,竹笋焖肉,"[竹笋,猪肉]","[大蒜,干辣椒,盐,酒酿,鸡精,酱油,青椒,胡萝卜]",炒,家常味,未知
916,红烧带鱼,[带鱼],"[盐,大葱,生姜,大蒜,干辣椒,料酒,酱油,醋,淀粉,白糖,花生油]",烧,香辣味,初中水平
917,凉拌海带,[海带],"[盐,酱油,醋,大蒜,白糖,花生油,芝麻,辣椒,香菜,大葱]",煮,咸鲜味,新手尝试
918,牛肉炒芹菜,"[牛肉,芹菜]","[辣椒,淀粉,酱油,盐,花生油,料酒]",炒,香辣味,未知
919,兰州牛肉面,"[面条,牛肉]","[生姜,蒜苗,香菜,大蒜,盐,鸡精,白萝卜]",炖,香辣味,高级厨师
920,甜椒古老肉,"[猪肉,甜椒]","[花生油,盐,番茄酱,白糖,淀粉,小麦面粉,小葱,料酒]",白糖蘸,酸甜味,初级入门
921,炒田螺,[田螺],"[花生油,盐,生姜,干辣椒,豆瓣酱,大蒜,鸡精]",炒,香辣味,新手尝试
922,凉拌鸡丝,[鸡肉],"[大葱,生姜,香菜,胡萝卜,黑木耳,辣椒,花生,料酒,辣椒粉,盐,白糖,花生油,胡椒粉]",煮,麻辣味,初级入门
923,辣炒田螺,[田螺],"[花生油,甜椒,干辣椒,大葱,生姜,大蒜,盐,胡椒粉,豆瓣酱]",炒,香辣味,新手尝试
924,肉夹馍,"[猪肉,小麦面粉]","[花生油,盐,辣椒,桂皮,八角,生姜,花椒,鸡精,酱油,大葱,干酵母]",卤,咸鲜味,厨神级
925,自制开胃凉粉,[小麦面粉],"[淀粉,黄瓜,小葱,大蒜,泡椒,醋,酱油,盐,辣椒油]",拌,酸辣味,初级入门
926,土豆烧牛肉,"[牛肉,土豆]","[花生油,大葱,盐,小葱,大蒜,干辣椒,白糖,生姜,酱油,蚝油,豆瓣酱]",炖,酱香味,初级入门
927,金针菇肉丸,"[金针菇,猪肉]","[花椒,花生油,鸡蛋,辣椒,大蒜,芝麻,大葱,生姜,香菜,盐]",煮,麻辣味,初级入门
928,黑椒煎鸡肉,[鸡肉],"[盐,孜然,花椒,胡椒粉,姜黄,大葱,生姜,大蒜,花生油]",煎,黑椒味,初级入门
929,山药烧鸭腿,"[鸭腿,山药]","[花生油,盐,酱油,小葱,大蒜,生姜,八角,辣椒]",烧,家常味,初中水平
930,铁锅炖鸡,[鸡肉],"[生姜,酒酿,盐,鸡精,白糖,酱油,花生油,花椒]",炖,咸鲜味,初级入门
931,红烧肉,[猪肉],"[盐,香叶,桂皮,冰糖,酱油,料酒,大蒜,生姜,小葱,八角,花生油,淀粉]",烧,酱香味,初级入门
932,意大利脆皮猪肉,[猪肉],"[花生油,茴香籽,干辣椒,花椒,柠檬,迷迭香,盐,胡椒,大蒜]",烤,咸鲜味,高级厨师
933,滑蛋炒虾仁,"[虾仁,鸡蛋]","[花生油,盐,料酒,胡椒粉,小葱,淀粉]",炒,咸鲜味,初级入门
934,卷心菜炒面条,"[面条,卷心菜]","[西红柿,鸡蛋,大葱,花生油,盐,青椒]",炒,家常味,初级入门
935,熘炒素腰花,"[香菇,胡萝卜]","[花生油,盐,白糖,酱油,大葱,生姜,淀粉]",炒,家常味,新手尝试
936,西兰花炒腊肉,"[西兰花,腊肉]","[大蒜,花生油,盐,酱油,鸡精]",炒,咸鲜味,未知
937,豆棍红烧鸭子,"[鸭肉,腐竹]","[酱油,花椒,八角,生姜,大蒜,鸡精,花生油,盐,青椒]",烧,咸鲜味,初级入门
938,新疆大盘鸡,"[土豆,鸡肉,青椒]","[花生油,豆瓣酱,草果,香叶,八角,桂皮,大葱,干辣椒,酱油,白糖,大蒜,鸡精,盐,生姜,花椒,香菜]",炖,麻辣味,初中水平
939,红烧鱼,[鲈鱼],"[豆瓣酱,花生油,料酒,大葱,生姜,大蒜,酱油,盐,白糖,八角]",烧,咸鲜味,初中水平
940,鱼香麻婆豆腐,[豆腐],"[花生油,猪肉,盐,辣椒,大葱,酱油,大蒜,生姜,花椒,干辣椒,豆瓣酱,淀粉]",炒,咸鲜味,初级入门
941,青椒松花蛋,"[松花蛋,青椒]","[生姜,大蒜,大葱,盐,味精,醋,花生油]",拌,大葱香味,中级掌勺
942,美味炒糯米饭,[糯米],"[猪肉,香菇,花生油,盐,料酒,鱿鱼,胡萝卜,青豆]",炒,咸鲜味,初中水平
943,芹菜春卷,"[芹菜,小麦面粉]","[花生油,猪肉,盐,生姜,大蒜,酱油,蚝油,胡椒]",炸,家常味,初级入门
944,西红柿炒金针菇,"[金针菇,西红柿]","[花生油,盐,酱油,香菇,培根,豌豆苗]",炒,家常味,未知
945,香菇猪肉包子,"[小麦面粉,猪肉,香菇]","[干酵母,花生油,盐,鸡精,料酒,生姜,大葱,蚝油]",蒸,咸鲜味,新手尝试
946,完整版梅菜扣肉,"[猪肉,梅干菜]","[八角,酱油,花生油,盐,鸡精,大葱,白糖,料酒,生姜,冰糖,花椒]",蒸,酱香味,初中水平
947,蘸汁豆腐,[豆腐],"[小葱,花生油,蚝油,鸡精,淀粉,泡椒,青椒,五香粉,花椒,醋,酱油,辣椒油]",拌,酸辣味,未知
948,爆炒猪肝,[猪肝],"[花生油,盐,鸡精,豆瓣酱,淀粉,白糖,酱油,辣椒,小葱,生姜,大蒜,料酒,大葱]",炒,香辣味,初级入门
949,香菜羊肉,"[羊肉,香菜]","[干辣椒,大葱,大蒜,生姜,料酒,酱油,鸡精,白糖,盐,花生油,花椒]",炒,家常味,初中水平
950,山药焖鸡,"[鸡肉,山药]","[花生油,盐,辣椒,生姜,大蒜,香菜,酱油]",焖,家常味,中级掌勺
951,西芹清炒鲜百合,"[西芹,百合]","[淀粉,花生油,盐,鸡精,枸杞子,生姜]",炒,家常味,新手尝试
952,鲜蘑肉片,"[猪肉,香菇]","[酱油,花生油,盐,胡椒粉,白糖,淀粉,料酒,大葱,生姜]",炒,咸鲜味,新手尝试
953,肉松小餐包,[小麦面粉],"[鸡蛋,白糖,盐,干酵母,蛋黄,黑芝麻,牛奶,黄油]",烘焙,甜味,初级入门
954,肉炒腐竹,"[腐竹,猪肉]","[花生油,料酒,胡萝卜,大葱,蚝油,酱油,盐,白糖]",炒,家常味,初中水平
955,水煮鱼,[鲤鱼],"[干辣椒,大蒜,料酒,酱油,盐,花生油,辣椒酱,大葱,生姜,鸡蛋]",煮,麻辣味,初级入门
956,蒸茄子,[茄子],"[土豆,胡椒粉,生姜,花生油,辣椒油,酱油,大蒜,胡萝卜,青椒]",蒸,家常味,未知
957,火腿肉松面包,"[香肠,小麦面粉,鸡蛋]","[白糖,盐,干酵母,黄油]",烤,家常味,新手尝试
958,红烧肉,[猪肉],"[花生油,盐,桂皮,香叶,冰糖,酱油,料酒,大葱,生姜,八角,大蒜,小葱]",烧,酱香味,初中水平
959,孜然烤虾,"[虾,孜然]","[料酒,酱油,白糖,盐,花生油,辣椒粉]",烤,香辣味,初级入门
960,奥尔良煎鸡翅,[鸡翅],"[花生油,大葱,料酒,醋,蜂蜜,生姜,大蒜,八角,花椒,酱油,盐]",煎,咸鲜味,初级入门
961,鱼头炖豆腐,"[鱼头,豆腐]","[香菜,盐,大葱,大蒜,生姜]",炖,家常味,未知
962,香菇炒肉皮,"[猪皮,香菇]","[花生油,盐,酱油,生姜,青椒]",炒,家常味,初中水平
963,生姜大葱炒螃蟹,[螃蟹],"[生姜,辣椒,大蒜,大葱,芹菜,淀粉,酱油,盐,花生油]",炒,大蒜香味,初中水平
964,三丝炒河粉,[河粉],"[鸡蛋,花生油,盐,酱油,辣椒,生姜,大蒜,大葱]",炒,咸鲜味,新手尝试
965,白糖醋茄汁鲅鱼罐头,[鲅鱼],"[花生油,白糖,醋,料酒,五香粉,八角,酱油,番茄酱,辣椒酱,大葱,生姜,香叶,花椒,盐,鸡精,辣椒]",焖,酸甜味,初级入门
966,水煮肉片,[猪肉],"[淀粉,花椒,黄豆芽,辣椒粉,豆瓣酱,盐,料酒,大葱,干辣椒,大蒜,辣椒油,酱油,鸡精,白糖]",煮,麻辣味,初中水平
967,大蒜白肉,"[猪肉,大蒜]","[八角,黄瓜,香叶,桂皮,生姜,草果,花椒,酱油,醋,盐,白糖,花生油]",拌,酸辣味,初级入门
968,卤肉酱汤面,"[面条,猪肉]","[蚝油,八角,白糖,大葱,生姜,酱油,花生油]",煮,家常味,新手尝试
969,蒸猪肘肉白菜,"[猪肘,白菜]","[大葱,生姜,酱油,花生油,盐,鸡精]",蒸,家常味,未知
970,鱼香茄子,[茄子],"[豆瓣酱,花生油,盐,醋,白糖,酱油,胡椒粉,大葱,大蒜,淀粉]",炒,鱼香味,中级掌勺
971,砂锅炖鸡翅根,[鸡翅],"[花生油,白糖,大葱,生姜,八角,花椒,香叶,山楂,酱油,料酒,盐]",炖,家常味,初中水平
972,家常炖排骨,[排骨],"[大葱,花生油,盐,桂皮,生姜,料酒,酱油,八角,香叶,干辣椒,冰糖]",炖,咸鲜味,初级入门
973,肉酿南瓜片,"[南瓜,猪肉]","[盐,酱油,花生油,辣椒粉,淀粉]",煎,家常味,初中水平
974,青椒炒鸡柳,"[青椒,鸡肉]","[料酒,五香粉,酱油,花生油,盐,大葱,生姜]",炒,家常味,未知
975,熘肝尖,[猪肝],"[花生油,青椒,胡萝卜,大蒜,白糖,盐,小葱,生姜,料酒,酱油,淀粉]",熘,咸鲜味,初级入门
976,自制凉皮,[小麦面粉],"[盐,大蒜,黄瓜,白糖,大葱,胡萝卜,醋,辣椒粉,苏打粉,香菜]",拌,家常味,初级入门
977,丁丁炒面,[面条],"[花生油,西红柿,白菜,番茄酱,盐,鸡精,酱油,大蒜]",炒,咸鲜味,初级入门
978,炖鸡汤,[鸡肉],"[盐,枸杞子,香菇,木耳菜,松蘑,料酒,大葱,生姜,大蒜,香叶]",炖,咸鲜味,中级掌勺
979,排骨炒菠萝,"[排骨,菠萝]","[白糖,醋,盐,料酒,番茄酱,大蒜,大葱,生姜,花生油,青椒]",炒,酸甜味,未知
980,蘑菇炒肉,"[香菇,猪肉]","[花生油,盐,酱油,鸡精,辣椒,大葱,生姜]",炒,咸鲜味,初级入门
981,火腿咸蛋炒饭,"[大米,火腿,咸鸭蛋]","[花生油,莲藕,胡萝卜,盐,大蒜,料酒]",炒,家常味,初级入门
982,红烧鸭翅,[鸭肉],"[生姜,桂皮,八角,干辣椒,大葱,香叶,蚝油,料酒,花生油,酱油,冰糖]",炖,咸鲜味,新手尝试
983,清蒸桂花鱼,[桂鱼],"[酱油,大葱,生姜,花生油,白糖,蚝油,料酒,盐]",蒸,其它口味,未知
984,豆腐干毛豆肉丝炒双椒,"[毛豆,豆腐干,猪肉,辣椒]","[花生油,盐,胡椒粉,酱油,大蒜,生姜,淀粉]",炒,家常味,初级入门
985,海鲜菜泡饭,"[虾仁,文蛤,虾米,大米]","[盐,香菇,芹菜,小白菜,胡椒粉,生姜,料酒]",煮,咸鲜味,未知
986,秋葵炒牛肉,"[牛肉,秋葵]","[大蒜,生姜,酱油,青椒,盐,花生油]",炒,大蒜香味,未知
987,西红柿炖土豆牛肉汤,"[西红柿,牛肉,土豆]","[冰糖,冬瓜,盐,番茄酱,酱油,小葱,大蒜,生姜]",炖,酸甜味,初中水平
988,白菜猪肉饺子,"[白菜,猪肉,小麦面粉]","[酱油,盐,五香粉,生姜,胡椒粉]",煮,家常味,初级入门
989,干锅鸡,[鸡肉],"[花生油,盐,生姜,大蒜,大葱,八角,桂皮,辣椒酱,辣椒,花椒]",烧,麻辣味,新手尝试
990,西葫芦炒木耳菜,"[西葫芦,木耳菜]","[花生油,盐,蚝油,酱油,大蒜,辣椒]",炒,家常味,新手尝试
991,茄丁酱肉蒸饺,"[猪肉,茄子,小麦面粉]","[豆瓣酱,大蒜,料酒,生蚝]",蒸,酱香味,未知
992,素炒甜椒紫甘蓝,"[紫甘蓝,甜椒]","[大蒜,花椒,盐,鸡精,醋,花生油]",炒,其它口味,初中水平
993,泡菜猪肉,"[猪肉,泡菜]","[大蒜,辣椒酱,辣椒粉,白糖,花生油,盐]",炒,酸辣味,未知
994,蚂蚁上树,"[猪肉,粉丝]","[大蒜,胡椒粉,豆瓣酱,花生油,生姜,大葱,料酒,酱油,盐]",煮,豆瓣酱味,初中水平
995,红烧肉,[猪肉],"[盐,酱油,冰糖,淀粉,生姜,桂皮,大葱,八角,香叶,花生油,料酒,大蒜]",烧,五香味,初中水平
996,炸肉块,[猪肉],"[花生油,鸡蛋,小麦面粉,盐,胡椒粉,生姜,料酒,酱油,淀粉]",炸,家常味,未知
997,大蒜蒸鲜贝,"[鲜贝,大蒜]","[粉丝,黑木耳,盐,小葱,花生油]",蒸,咸鲜味,未知
998,剁椒炖海皇鱼,"[黄花鱼,泡椒]","[花生油,盐,大葱,生姜,大蒜,醋,料酒,酱油,白糖,味精]",炖,家常味,初级入门
999,凉拌茄子,[茄子],"[醋,花生油,酱油,辣椒,白糖,蚝油,味精,大葱,大蒜,盐]",蒸,家常味,新手尝试
